Electric,Water,Date
0.53,0.25,2020-07-22
0.86,0.51,2020-09-28
0.44,0.00,2020-09-29
0.93,0.71,Not Available
Not Available,0.05,Not Available
Not Available,0.01,Not Available
1.14,0.54,2020-08-20
0.43,Not Available,2020-06-17
0.67,0.51,2020-08-20
Not Available,Not Available,Not Available
0.17,0.82,Not Available
0.20,0.80,2020-09-25
0.50,2.58,Not Available
0.17,0.94,2020-04-01
0.25,1.36,2020-08-18
0.27,1.62,Not Available
0.18,1.15,2020-09-29
0.55,0.34,2020-07-28
0.24,1.29,2020-07-23
0.37,1.62,Not Available
1.06,1.01,2020-05-08
0.31,1.43,Not Available
0.31,1.37,2020-09-29
0.36,0.00,2020-06-26
0.82,1.17,2020-07-08
0.26,1.17,2020-07-27
0.93,0.56,Not Available
0.78,0.48,2020-07-08
1.25,0.26,2020-07-08
0.50,0.35,2020-09-17
0.43,0.46,2020-07-27
0.63,0.42,2020-08-21
0.87,0.19,2020-09-21
0.46,0.31,Not Available
0.67,0.55,2020-09-21
Not Available,Not Available,Not Available
0.61,0.19,2020-09-21
0.55,0.29,2020-06-24
Not Available,Not Available,Not Available
0.53,0.42,2020-09-21
0.43,0.27,2020-07-26
0.51,0.99,2020-07-28
0.48,0.94,2020-08-21
0.52,0.31,2020-08-21
0.52,0.68,2020-09-18
0.50,0.40,2020-08-21
0.18,1.04,Not Available
0.94,0.58,2020-07-14
0.59,0.60,2020-07-08
0.46,1.02,2020-09-29
1.03,0.18,2020-09-21
Not Available,Not Available,Not Available
0.34,0.96,2020-07-20
0.45,1.04,2020-07-20
0.43,Not Available,Not Available
0.39,1.16,2020-08-19
0.30,0.80,2020-08-18
0.24,1.53,Not Available
0.46,0.95,2020-06-19
0.38,1.30,2020-07-20
0.16,0.72,Not Available
0.33,0.88,Not Available
0.44,0.57,Not Available
0.35,1.32,2020-07-16
0.11,1.04,Not Available
0.08,1.42,Not Available
0.31,1.09,Not Available
0.25,0.70,2020-07-20
0.22,0.54,2020-08-18
0.59,0.87,2020-06-30
0.14,0.62,Not Available
0.20,1.02,2020-06-25
0.61,0.40,2020-06-30
0.55,0.62,2020-07-08
0.22,1.53,Not Available
0.31,0.81,2020-08-18
0.36,0.89,2020-07-20
0.52,0.93,Not Available
0.26,0.14,Not Available
1.04,0.00,2020-06-26
0.33,0.95,Not Available
0.47,0.00,2020-06-26
1.14,0.60,2020-11-17
0.37,1.15,Not Available
0.38,0.89,Not Available
0.40,1.11,Not Available
0.10,0.82,Not Available
0.36,1.16,Not Available
0.30,0.98,2020-09-29
0.07,1.23,Not Available
0.30,0.97,2020-09-29
0.52,0.00,2020-06-26
0.65,1.82,2020-07-07
0.38,1.52,2020-07-07
0.22,1.01,2020-07-14
0.23,1.47,Not Available
0.19,1.25,Not Available
0.18,1.18,Not Available
0.26,1.64,Not Available
1.69,1.16,2020-09-29
0.33,0.93,Not Available
0.25,1.45,2020-08-18
0.28,1.64,2020-08-18
0.29,1.77,2020-08-18
0.07,1.27,Not Available
0.42,1.26,Not Available
0.24,1.34,Not Available
1.00,0.82,Not Available
0.72,0.59,2020-06-23
0.39,0.39,2020-07-31
Not Available,0.28,Not Available
1.01,0.00,2020-06-26
0.22,1.32,2019-06-25
0.23,1.53,Not Available
0.32,0.74,Not Available
0.43,0.27,Not Available
0.28,0.36,2020-09-22
0.21,1.27,2020-08-18
0.22,1.44,2020-08-18
0.47,0.44,2020-09-18
0.47,1.28,2020-09-18
0.26,0.39,2020-09-18
0.39,2.08,2020-09-18
0.24,0.07,Not Available
0.18,0.84,Not Available
0.20,1.18,2020-07-06
0.21,1.43,2020-07-20
0.21,1.24,2020-07-06
0.22,1.37,2020-07-06
0.20,1.48,2020-07-06
1.07,0.00,2020-06-26
0.31,0.78,2020-08-18
0.48,0.25,2020-07-20
0.50,1.11,Not Available
0.07,1.02,Not Available
0.24,3.17,Not Available
0.24,2.70,Not Available
0.27,0.14,2020-08-28
Not Available,Not Available,Not Available
0.79,0.35,2020-07-24
0.69,0.17,2020-07-31
1.65,0.57,2020-07-07
0.90,0.59,Not Available
0.86,0.00,2020-06-26
0.28,1.33,Not Available
0.16,1.07,Not Available
0.76,1.71,Not Available
0.81,0.40,2020-09-28
0.23,1.75,Not Available
0.23,1.00,Not Available
0.15,1.13,Not Available
1.15,0.00,2020-06-26
1.36,0.00,2020-06-26
1.43,1.08,Not Available
1.88,0.00,2020-06-26
0.41,1.32,Not Available
0.40,1.19,Not Available
1.57,1.04,Not Available
0.82,0.66,2020-11-17
0.28,0.17,Not Available
1.05,0.41,2020-07-08
0.31,0.89,Not Available
0.32,0.81,Not Available
0.37,0.00,2020-06-26
1.53,0.06,2020-07-31
0.38,0.72,Not Available
0.48,0.26,2020-07-08
2.00,1.81,2020-10-06
0.34,0.46,Not Available
0.84,0.00,2020-06-26
2.58,1.59,2020-06-22
0.57,0.17,2020-07-08
1.54,1.12,Not Available
1.03,0.26,2020-06-18
1.02,0.16,2020-09-18
1.01,0.89,Not Available
1.27,0.00,2020-06-26
0.20,0.00,2020-06-26
0.67,0.39,2020-09-28
1.34,1.36,Not Available
1.79,0.00,2020-06-26
0.55,0.16,2020-07-08
1.08,0.58,Not Available
1.50,0.00,2020-06-26
0.33,0.69,Not Available
0.41,1.50,2020-04-01
1.02,0.00,2020-07-30
0.22,0.08,2020-07-20
0.58,2.35,Not Available
0.53,2.32,Not Available
0.05,1.77,2020-06-04
0.43,0.26,2020-07-21
1.55,0.22,2020-07-23
0.45,0.34,2020-07-21
0.31,0.70,2020-07-21
0.55,0.39,2020-07-08
0.51,0.21,2020-06-25
0.97,0.00,2020-06-26
0.86,1.01,2020-11-17
0.52,0.42,2020-07-21
0.42,0.24,Not Available
0.72,1.01,2020-07-08
1.36,0.00,2020-06-26
0.48,0.22,2020-07-22
1.57,0.94,Not Available
0.03,1.47,Not Available
3.09,2.26,2020-07-08
Not Available,0.72,Not Available
0.26,0.75,2020-07-24
0.63,1.76,2020-06-23
0.08,0.02,2020-09-10
0.79,0.38,2020-09-17
0.28,0.99,2020-07-07
0.31,1.38,2020-07-07
0.28,1.32,2020-07-08
0.16,0.68,2020-06-16
Not Available,Not Available,Not Available
0.63,1.26,Not Available
0.84,0.15,2020-09-29
1.07,0.72,2020-07-30
0.38,1.35,2020-09-29
0.05,0.62,Not Available
1.14,0.37,2020-06-26
1.02,0.57,2020-07-28
0.48,0.24,2020-07-08
1.12,0.67,2020-07-28
0.48,0.12,2020-07-22
1.50,1.15,Not Available
0.55,0.95,Not Available
Not Available,0.40,Not Available
0.97,1.57,2020-09-22
0.19,1.33,2020-09-24
0.31,0.89,2020-09-30
0.28,0.79,2020-09-30
0.39,0.65,Not Available
0.45,0.94,2020-06-23
0.22,1.74,Not Available
0.22,1.57,Not Available
0.57,0.19,2020-07-08
0.59,0.20,Not Available
Not Available,0.00,2020-09-28
0.64,0.56,2020-07-08
1.23,0.80,Not Available
0.24,0.86,Not Available
0.74,0.36,2020-07-24
0.50,1.25,Not Available
0.55,0.41,2020-07-14
0.23,1.94,2020-09-29
Not Available,0.68,Not Available
0.36,0.98,2020-08-27
0.59,0.29,Not Available
0.85,1.14,2020-09-04
0.83,0.43,2020-09-28
0.26,1.13,Not Available
0.52,0.61,2020-06-16
1.15,0.83,2020-07-31
0.19,0.95,Not Available
0.94,0.63,2020-09-04
0.27,0.06,Not Available
0.20,0.08,2020-09-29
0.07,0.06,2020-09-29
0.61,1.51,Not Available
0.33,1.10,2020-07-28
0.71,0.02,2020-07-28
0.47,0.00,2020-08-10
1.35,1.04,2020-08-17
1.21,1.12,2020-07-28
0.30,1.69,2020-06-19
1.03,0.15,2020-09-29
0.51,1.43,Not Available
0.20,0.51,Not Available
0.26,1.33,2020-10-01
0.29,1.97,Not Available
0.42,0.99,2020-09-28
1.07,0.73,Not Available
0.16,0.91,2020-09-02
0.62,0.14,2020-07-09
0.09,0.02,2020-09-29
0.20,0.73,Not Available
0.23,0.16,2020-09-18
3.15,2.53,Not Available
0.29,0.03,2020-09-29
0.47,0.02,2020-09-18
0.00,0.69,2020-11-17
0.99,1.14,2020-07-28
0.50,0.38,2020-06-25
0.47,0.36,2020-07-28
0.45,0.09,2020-07-09
0.45,1.37,Not Available
0.36,0.97,Not Available
Not Available,Not Available,Not Available
0.51,0.53,Not Available
0.18,0.42,2020-09-28
1.14,0.94,Not Available
1.34,1.46,2020-09-29
0.68,0.47,2020-06-16
0.83,0.74,2020-07-09
0.75,1.13,2020-09-28
0.20,0.50,Not Available
0.14,0.42,Not Available
0.57,0.22,2020-07-08
0.44,0.87,2020-09-28
0.06,1.48,2020-09-03
0.00,Not Available,Not Available
0.33,0.15,Not Available
0.03,1.92,2020-08-18
0.26,0.53,2020-09-28
0.41,0.94,2020-09-29
0.38,0.78,2020-10-01
0.28,3.28,2020-09-30
0.22,2.70,2020-09-30
0.42,2.46,2020-09-29
0.26,2.56,Not Available
0.19,0.61,Not Available
0.22,1.02,2020-09-22
Not Available,Not Available,Not Available
0.33,3.67,Not Available
0.28,0.98,Not Available
0.16,0.38,2020-09-11
0.72,1.09,2020-08-24
0.20,1.75,Not Available
0.23,1.24,Not Available
0.37,0.10,Not Available
0.53,0.09,2020-06-26
0.25,0.75,2020-09-29
0.33,0.14,2020-06-19
Not Available,1.07,2020-08-05
0.21,1.25,2020-07-03
0.45,0.44,2020-07-23
0.75,0.73,2020-09-17
1.14,1.28,2020-10-21
1.15,0.18,2020-06-26
1.21,4.09,2020-06-26
0.55,1.17,2020-09-23
0.26,1.99,2020-09-18
1.31,1.32,Not Available
0.38,2.55,2020-07-15
0.99,1.39,2020-11-17
0.28,0.09,2020-07-30
0.74,0.48,2020-06-25
0.19,2.61,Not Available
0.24,2.62,Not Available
0.15,1.84,2020-07-13
0.14,1.74,Not Available
0.21,4.34,2020-06-19
0.09,2.34,2020-06-05
0.68,0.81,2020-06-26
Not Available,Not Available,Not Available
Not Available,2.35,Not Available
0.50,3.21,2020-09-17
0.19,2.20,2020-07-13
0.25,2.20,2020-09-29
0.19,1.90,2020-07-13
0.20,1.97,2020-07-13
0.18,1.96,Not Available
0.19,1.95,Not Available
0.19,2.40,2020-07-13
Not Available,0.45,Not Available
0.50,1.79,2020-06-25
0.33,2.19,Not Available
0.23,1.39,Not Available
0.54,0.98,Not Available
1.20,0.74,Not Available
0.15,2.42,Not Available
0.20,2.64,2020-08-27
0.43,2.26,2020-09-21
0.42,2.74,Not Available
0.26,1.82,2020-05-28
0.20,2.04,2020-09-29
Not Available,Not Available,2020-12-10
0.51,0.44,2020-06-16
0.23,1.20,2020-09-18
0.26,1.86,2020-07-01
0.67,0.49,2020-07-08
0.24,2.50,2020-09-29
0.16,2.07,Not Available
0.22,1.91,Not Available
0.20,2.02,2020-07-13
0.38,1.45,2020-09-22
0.19,1.86,Not Available
0.21,2.12,2020-07-16
Not Available,2.05,2020-04-01
0.42,0.73,2020-11-17
0.15,1.04,Not Available
0.06,1.77,2020-06-17
0.32,1.16,2020-08-18
1.21,0.70,2020-06-26
0.88,0.81,2020-08-18
0.16,1.83,Not Available
0.27,2.21,Not Available
0.17,2.10,Not Available
0.28,2.67,2020-06-10
0.21,1.53,2020-05-21
0.39,2.03,2020-08-04
0.29,2.16,2020-06-17
0.19,2.39,Not Available
0.25,1.81,Not Available
0.22,3.71,2020-09-24
0.25,3.65,2020-09-24
0.17,2.63,2020-06-16
0.18,2.03,2020-06-16
0.30,2.45,2020-06-17
0.32,2.05,2020-06-17
0.20,2.04,Not Available
0.23,2.11,Not Available
0.22,2.10,Not Available
0.29,1.24,Not Available
0.21,1.94,Not Available
0.28,2.53,Not Available
0.21,1.72,Not Available
0.19,1.93,2020-05-20
0.16,2.01,2020-07-16
0.32,1.52,2020-07-16
0.28,1.89,2020-05-19
0.19,1.69,Not Available
0.27,1.90,2020-09-25
0.22,2.35,2020-05-21
0.21,2.27,2020-05-21
0.17,1.46,2020-05-19
0.20,2.03,2020-05-19
0.91,3.73,2020-06-18
0.28,2.05,2020-05-20
0.21,0.86,Not Available
0.17,1.09,Not Available
0.99,0.46,2020-06-22
Not Available,Not Available,2020-12-11
0.19,1.45,2020-10-01
0.19,1.63,Not Available
0.18,1.25,2020-10-01
0.15,1.98,Not Available
0.38,1.45,Not Available
0.52,0.52,2020-07-26
0.24,1.96,2020-10-08
0.17,1.66,2020-05-19
0.19,2.05,Not Available
0.17,1.64,2020-05-21
0.20,1.85,2020-06-19
0.79,1.16,2020-08-14
0.26,2.37,Not Available
0.05,0.02,Not Available
0.18,0.85,Not Available
0.31,1.24,Not Available
0.32,0.22,2020-07-10
0.27,0.47,Not Available
0.64,0.38,2020-09-17
0.49,0.20,2020-07-14
0.31,1.21,Not Available
0.39,1.30,Not Available
0.49,1.81,2020-06-19
0.19,1.34,Not Available
0.63,0.88,2020-09-22
0.31,0.01,Not Available
Not Available,0.11,Not Available
0.38,2.91,2020-07-14
0.26,2.34,2020-07-15
0.35,2.31,2020-11-20
0.24,0.22,2020-07-24
0.11,2.84,Not Available
0.40,0.10,Not Available
0.31,2.74,2020-09-22
0.97,2.51,2020-09-03
0.30,2.65,2020-09-24
0.41,0.15,2020-07-10
Not Available,0.87,Not Available
0.28,2.06,2020-08-11
0.28,2.15,2020-08-11
0.29,2.63,2020-08-11
1.17,2.85,2020-07-08
0.25,1.75,2020-08-18
2.05,4.82,2020-09-03
Not Available,1.58,Not Available
0.20,0.12,2020-07-10
0.41,5.25,2020-09-29
0.23,2.14,2020-10-01
0.29,2.04,2020-09-29
0.21,0.14,Not Available
0.31,1.22,2020-10-01
0.39,1.58,Not Available
0.15,1.27,Not Available
0.19,1.17,Not Available
0.10,2.19,Not Available
0.12,0.87,Not Available
0.21,1.56,2020-08-18
0.19,1.71,Not Available
0.18,1.06,Not Available
0.47,0.42,2020-06-25
0.75,1.88,2020-06-26
0.15,1.44,2020-07-09
0.66,41.30,Not Available
0.32,1.30,Not Available
0.19,0.01,2020-07-24
0.33,2.43,Not Available
0.52,1.88,2020-06-25
0.99,0.93,2020-08-24
0.70,0.44,Not Available
0.29,4.44,Not Available
0.41,1.73,2020-10-01
0.29,1.17,2020-11-05
0.31,1.15,2020-08-07
0.40,1.74,2020-08-07
0.30,0.76,Not Available
0.15,1.11,2020-11-05
0.12,0.86,2020-04-02
0.35,1.86,2020-09-01
0.26,1.82,2020-09-01
0.29,1.43,2020-08-07
0.18,1.46,2020-06-19
0.25,0.40,Not Available
0.54,0.29,2020-09-10
0.48,0.70,2020-09-10
0.09,0.84,2020-10-05
0.35,1.77,2020-06-25
1.10,0.63,Not Available
0.27,1.01,Not Available
0.39,1.33,Not Available
0.30,1.78,2020-09-01
0.26,0.99,2020-06-24
0.32,0.75,Not Available
0.36,1.57,2020-09-18
0.36,1.64,Not Available
0.33,1.39,Not Available
0.28,1.76,Not Available
0.47,2.42,2020-07-03
0.10,1.48,Not Available
0.53,0.61,2020-07-15
1.46,0.99,2020-07-28
0.74,1.17,2020-07-08
0.52,1.04,2020-07-26
0.51,1.32,Not Available
0.41,Not Available,Not Available
0.16,0.55,Not Available
0.64,0.69,2020-07-26
0.52,0.51,2020-09-29
0.62,0.90,2020-09-02
0.28,1.42,2020-08-18
0.23,1.02,Not Available
0.36,0.70,Not Available
Not Available,0.82,Not Available
Not Available,1.42,Not Available
0.12,0.91,Not Available
0.12,0.99,Not Available
0.23,1.77,2020-09-21
0.32,0.91,Not Available
0.35,0.97,Not Available
0.14,0.66,2020-04-01
0.57,1.03,2020-09-29
0.46,0.67,2020-09-29
0.66,0.68,2020-09-18
0.10,1.40,Not Available
0.47,1.23,Not Available
0.31,0.84,2020-11-20
0.57,2.30,2020-06-19
0.46,0.40,2020-09-22
0.45,0.66,Not Available
0.51,2.21,Not Available
0.34,1.43,Not Available
0.31,1.20,Not Available
0.55,3.66,2020-09-09
1.10,1.45,2020-06-19
0.39,0.89,Not Available
0.59,0.83,2020-09-22
0.47,0.84,2020-09-22
1.79,1.40,Not Available
0.61,1.10,2020-07-09
0.53,0.78,2020-05-25
0.53,0.40,2020-09-29
0.39,0.34,Not Available
0.47,0.85,Not Available
0.38,0.62,2020-07-14
0.87,0.40,Not Available
Not Available,2.77,2020-09-03
0.64,1.06,2020-09-18
0.57,0.68,2020-09-17
0.80,1.11,Not Available
0.56,0.74,2020-07-10
0.72,0.45,2020-07-21
0.64,0.49,2020-09-21
0.51,0.70,2020-07-15
0.44,0.53,2020-06-16
0.63,0.59,2020-06-16
0.58,0.41,2020-07-09
1.61,0.64,2020-05-25
0.60,0.61,2020-07-23
0.63,0.89,2020-07-28
0.62,0.84,Not Available
0.52,1.38,Not Available
0.53,2.22,2020-09-24
0.31,2.16,Not Available
0.21,1.95,Not Available
0.22,2.17,Not Available
0.37,1.72,Not Available
0.43,0.22,Not Available
0.45,0.39,2020-07-23
0.38,0.41,2020-07-21
0.46,2.39,Not Available
0.32,1.86,Not Available
0.49,0.62,2020-05-15
0.50,0.35,2020-05-25
0.70,3.35,Not Available
0.48,0.51,2020-07-14
0.33,1.21,2020-06-25
0.52,2.57,Not Available
0.33,1.92,2020-07-23
0.38,2.58,Not Available
0.38,1.27,Not Available
0.37,1.85,Not Available
0.29,1.44,Not Available
0.48,2.25,Not Available
0.21,1.09,2020-10-01
0.85,2.30,Not Available
0.21,0.95,Not Available
0.20,1.25,2020-07-23
0.38,1.26,Not Available
0.91,0.68,2020-05-26
0.29,1.33,2020-11-20
0.63,0.78,Not Available
0.34,0.74,2020-09-10
1.01,0.71,2020-10-01
0.14,0.70,Not Available
1.22,1.63,2020-06-26
0.34,1.49,2020-10-01
0.49,0.76,2020-07-31
0.57,0.59,Not Available
0.17,1.37,2020-07-30
0.55,0.76,Not Available
0.89,2.11,2020-07-26
0.79,0.65,2020-07-26
0.64,0.86,2020-07-26
0.55,0.79,2020-09-22
0.40,0.49,Not Available
0.61,0.48,2020-09-22
0.49,1.02,2020-06-24
0.41,0.41,2020-07-21
0.52,0.59,2020-08-21
1.13,1.21,2020-09-23
1.09,0.99,2020-09-23
0.57,0.56,2020-08-21
0.60,1.00,2020-06-19
0.63,0.90,2020-07-10
0.60,0.80,2020-09-29
0.44,0.74,2020-09-29
0.74,0.87,Not Available
0.43,0.44,2020-10-05
0.40,0.86,2020-09-23
0.84,1.35,2020-09-23
0.61,0.91,Not Available
0.84,2.06,Not Available
0.72,0.71,2020-09-29
1.26,1.53,2020-06-01
1.07,0.75,2020-07-14
0.24,1.78,Not Available
1.07,1.40,Not Available
Not Available,Not Available,2020-12-11
0.64,0.70,Not Available
0.39,1.81,2020-10-01
0.26,1.38,2020-09-18
0.72,1.02,2020-08-21
0.40,1.58,2020-06-19
0.40,1.21,Not Available
0.58,1.12,2020-07-14
0.43,0.85,2020-07-14
0.22,0.93,Not Available
0.42,0.42,Not Available
0.76,2.12,2020-08-21
0.74,0.81,2020-09-23
0.54,1.01,2020-09-30
0.66,0.78,2020-08-21
0.65,1.00,2020-07-26
0.38,1.05,2020-09-30
0.66,0.47,2020-10-01
1.22,0.74,Not Available
0.83,0.99,2020-09-30
0.35,1.19,2020-10-05
0.45,2.04,Not Available
0.73,0.98,Not Available
0.45,0.29,2020-09-23
0.36,0.52,2020-06-18
0.34,0.36,2020-08-21
0.52,0.56,2020-08-21
0.49,0.86,2020-08-21
0.79,0.95,2020-08-21
0.27,1.08,Not Available
0.30,2.30,Not Available
0.31,1.06,2020-10-01
0.36,3.88,Not Available
0.26,1.97,Not Available
0.36,1.56,2020-07-13
0.28,1.98,Not Available
0.79,0.89,2020-09-23
0.22,2.03,Not Available
0.66,1.63,Not Available
0.59,0.81,2020-07-15
0.50,1.12,Not Available
0.54,0.72,2020-09-22
0.55,0.65,2020-06-19
0.55,0.53,2020-05-25
0.73,0.90,2020-09-21
0.55,0.89,Not Available
0.35,2.02,2020-09-21
0.60,1.09,2020-07-29
0.45,0.77,Not Available
0.62,0.53,2020-09-23
0.57,1.32,2020-07-26
0.30,1.56,Not Available
0.29,1.66,Not Available
0.68,0.48,2020-09-23
5.46,10.93,Not Available
1.37,0.91,2020-09-24
0.19,0.60,2020-11-23
0.27,2.40,2020-09-30
0.35,1.88,2020-09-21
1.06,0.64,Not Available
0.48,0.97,Not Available
0.69,0.65,Not Available
0.62,0.68,2020-10-01
0.42,1.68,2020-06-18
0.85,1.82,Not Available
0.45,1.50,Not Available
0.34,2.02,Not Available
0.34,1.28,Not Available
0.57,0.72,2020-08-21
0.28,1.81,2020-07-27
0.24,1.50,2020-09-24
0.42,1.38,2020-10-01
0.25,1.65,Not Available
0.30,1.25,2020-09-30
0.58,2.29,2020-09-28
0.43,2.13,2020-05-22
0.28,2.07,2020-09-23
0.67,0.82,2020-03-27
0.28,1.52,2020-09-21
0.27,1.42,Not Available
0.39,1.27,2020-05-21
0.69,0.40,2020-09-30
0.30,1.55,Not Available
0.40,0.90,2020-09-02
0.77,1.12,2020-09-30
0.21,0.80,2020-10-28
0.31,1.69,2020-07-27
0.33,0.71,2020-11-25
0.41,0.34,2020-09-29
0.39,1.07,2020-10-01
0.57,0.86,2020-07-08
0.18,0.60,Not Available
Not Available,1.19,Not Available
0.22,1.31,Not Available
0.99,1.73,Not Available
0.74,1.79,Not Available
0.31,1.64,Not Available
0.31,0.74,Not Available
0.38,0.52,2020-09-02
0.38,1.87,2020-09-09
0.45,1.37,2020-09-25
0.65,0.48,2020-07-29
0.34,1.26,Not Available
Not Available,Not Available,2020-12-18
0.25,1.36,Not Available
0.81,Not Available,Not Available
0.31,1.38,2020-09-16
0.13,0.65,Not Available
0.39,0.38,Not Available
0.26,2.87,Not Available
0.24,1.43,Not Available
0.27,1.77,2020-09-16
0.26,1.37,Not Available
0.31,2.64,2020-06-17
0.02,0.47,2020-07-03
0.25,2.52,Not Available
0.22,2.19,Not Available
0.24,3.16,Not Available
0.25,1.67,Not Available
0.16,1.92,Not Available
0.45,0.25,2020-10-01
0.22,1.02,Not Available
0.31,1.04,Not Available
0.50,1.15,Not Available
0.18,0.67,2020-10-01
0.21,0.72,2020-10-01
0.36,1.43,Not Available
0.31,1.74,2020-06-25
0.62,0.64,Not Available
0.49,0.36,2020-09-29
0.14,0.55,2020-09-09
0.50,0.50,2020-09-17
Not Available,Not Available,2020-12-11
0.19,1.14,2020-09-18
0.26,0.68,2020-10-01
0.34,1.91,2020-07-27
0.24,0.43,2020-11-05
0.47,0.69,2020-09-29
0.30,1.25,2020-09-24
0.78,0.18,2020-09-29
0.98,1.19,2020-06-24
0.22,0.96,Not Available
0.39,1.31,Not Available
0.33,1.41,Not Available
0.21,2.33,2020-05-20
0.23,2.32,2020-05-20
0.51,0.92,Not Available
Not Available,Not Available,2020-12-22
0.25,1.27,2020-08-27
1.10,1.72,Not Available
0.25,2.85,2020-09-30
0.55,2.32,2020-09-30
0.36,1.79,Not Available
0.24,1.02,Not Available
0.22,1.45,2020-06-17
0.16,0.82,Not Available
0.23,1.89,2020-06-17
0.57,1.63,2020-10-01
0.29,1.25,Not Available
0.17,1.37,2020-08-18
0.39,1.56,2020-06-19
0.17,1.45,2020-09-24
0.61,0.82,2020-06-24
0.16,0.76,2020-06-19
0.19,1.27,2020-06-24
0.13,1.34,Not Available
0.19,1.09,2020-07-08
0.21,1.12,Not Available
0.21,1.77,2020-05-19
0.37,1.33,2020-07-14
0.23,1.27,2020-06-17
0.18,0.45,2020-10-01
0.47,0.79,2020-09-29
0.64,0.72,2020-09-29
0.28,1.35,2020-10-01
0.37,0.54,2020-09-29
0.26,0.67,Not Available
0.19,1.55,Not Available
0.19,0.87,Not Available
0.28,0.84,Not Available
0.32,1.12,Not Available
0.20,2.15,Not Available
0.23,1.38,2020-09-18
0.19,1.50,2020-09-18
0.19,1.62,2020-09-18
0.23,1.27,2020-09-18
0.19,1.56,2020-09-18
0.08,1.20,2020-09-24
0.39,1.60,2020-06-17
0.17,1.41,2020-10-14
0.22,1.58,2020-09-18
0.23,1.49,2020-06-17
0.34,2.30,2020-08-10
0.10,1.71,Not Available
0.14,0.84,2020-06-24
0.79,0.72,2020-09-30
1.29,1.82,2020-06-26
0.34,1.28,2020-07-01
0.16,1.97,2020-09-18
0.68,0.36,2020-11-17
0.90,0.37,2020-07-28
0.23,1.83,Not Available
0.21,23.76,Not Available
0.24,1.60,2020-09-24
0.47,0.63,2020-07-14
0.24,1.01,Not Available
0.26,0.63,Not Available
0.24,0.69,Not Available
0.21,1.90,2020-09-16
0.23,2.24,Not Available
0.21,1.56,Not Available
0.28,3.06,Not Available
Not Available,Not Available,Not Available
0.16,1.78,Not Available
0.57,1.23,Not Available
0.27,2.61,2020-09-10
0.25,2.00,2020-09-16
0.26,1.40,2020-09-16
0.28,0.61,2020-05-01
0.21,1.16,Not Available
0.24,3.63,2020-07-23
0.25,3.56,2020-07-23
0.24,2.89,2020-06-18
0.28,3.59,2020-06-18
0.23,2.38,2020-05-21
0.31,2.16,2020-07-23
1.16,0.87,Not Available
0.72,0.90,2020-07-23
0.16,0.26,Not Available
1.63,0.92,2020-06-17
0.20,2.74,Not Available
0.91,0.99,2020-09-28
0.47,0.43,2020-08-10
0.41,0.03,2020-06-26
0.22,0.69,2020-09-29
0.60,0.26,2020-10-09
Not Available,0.00,2020-10-08
0.07,0.00,Not Available
0.83,69.47,2020-11-17
0.30,2.45,2020-06-17
0.34,2.55,2020-06-17
0.33,2.84,2020-06-17
0.32,2.82,2020-06-17
0.17,1.55,Not Available
0.15,1.26,2020-04-01
0.26,2.89,2020-09-30
0.65,1.17,2020-07-24
0.22,2.06,2020-09-11
0.29,2.26,2020-09-30
0.27,2.08,2020-09-24
0.10,0.02,2020-08-24
2.08,1.51,Not Available
0.23,2.34,Not Available
Not Available,Not Available,Not Available
0.20,2.54,Not Available
0.04,2.46,Not Available
0.03,2.86,2020-10-01
0.17,3.55,Not Available
0.28,2.27,2020-02-11
0.18,2.33,2020-09-21
0.25,2.80,2020-09-11
0.32,3.93,2020-09-11
0.21,2.97,Not Available
0.21,2.28,Not Available
0.34,0.28,2020-09-25
0.85,1.93,Not Available
3.96,7.88,2020-10-16
3.86,2.64,2020-10-16
0.32,0.33,2020-10-16
0.51,0.16,2020-05-21
Not Available,0.02,Not Available
0.17,2.05,Not Available
0.19,2.71,Not Available
0.28,2.28,2020-10-14
Not Available,Not Available,Not Available
0.31,2.75,2020-06-23
0.27,3.77,Not Available
0.31,6.10,Not Available
0.25,3.23,Not Available
0.16,2.11,Not Available
0.28,1.42,2020-09-21
0.14,34.94,2020-06-12
0.44,0.32,Not Available
1.07,0.73,Not Available
0.55,0.85,2020-09-17
1.30,1.19,Not Available
0.65,0.33,2020-07-08
0.23,2.21,2020-09-18
0.20,1.22,Not Available
0.24,2.01,Not Available
0.22,1.98,2020-09-30
0.22,2.70,2020-09-24
0.18,1.37,2020-06-19
0.27,2.99,2020-07-09
0.25,2.98,2020-07-09
0.29,3.83,2020-07-09
0.25,2.04,2020-07-09
Not Available,0.33,Not Available
0.25,0.85,2020-06-23
0.22,0.08,Not Available
0.62,0.70,Not Available
Not Available,Not Available,Not Available
0.48,0.41,2020-09-17
0.07,0.04,2020-09-17
0.09,0.10,2020-09-17
0.29,0.38,2020-09-17
0.28,0.87,2020-09-17
1.13,0.59,Not Available
0.57,0.80,2020-07-14
0.54,0.71,2020-09-17
0.43,0.78,2020-09-17
0.10,1.66,2020-09-21
0.20,1.98,2020-07-03
0.28,1.17,Not Available
0.45,0.18,2020-07-08
0.28,0.57,2020-06-23
0.06,0.13,Not Available
0.50,1.51,2020-09-21
0.52,1.47,2020-09-21
Not Available,Not Available,Not Available
0.26,2.92,2020-09-30
0.90,1.07,2020-06-26
1.13,1.11,Not Available
0.91,1.36,2020-06-19
0.10,1.17,Not Available
0.19,1.07,Not Available
0.17,1.06,Not Available
0.31,0.35,2020-06-17
0.23,1.66,2020-06-17
0.19,0.82,Not Available
0.35,1.51,Not Available
0.14,1.67,2020-07-14
0.26,2.61,2020-09-10
0.16,1.75,2020-09-22
0.21,1.98,Not Available
0.19,1.97,Not Available
0.21,2.11,2020-09-18
0.22,2.33,Not Available
0.19,2.09,2020-07-08
0.19,1.66,2020-07-08
0.24,3.04,2020-09-29
0.27,2.79,2020-09-29
0.28,1.94,Not Available
0.22,1.51,2020-07-24
0.23,1.14,2020-11-05
0.17,1.97,2020-09-18
0.14,1.15,2020-08-27
0.25,1.82,2020-07-13
0.19,3.08,Not Available
0.19,1.96,2020-07-16
0.19,1.90,Not Available
0.20,1.77,Not Available
0.31,2.53,Not Available
0.17,2.61,2020-07-16
0.31,0.59,2020-06-17
0.20,0.99,Not Available
0.32,1.57,Not Available
0.36,0.88,Not Available
0.29,1.23,2020-09-28
0.22,0.55,Not Available
0.90,2.44,2020-06-17
0.09,1.35,Not Available
0.47,0.54,2020-05-15
0.17,1.47,2020-09-21
0.16,1.68,2020-09-21
0.16,1.83,2020-09-29
0.14,1.75,2020-09-21
0.15,1.81,Not Available
0.17,1.31,Not Available
0.34,1.26,2020-09-17
0.52,0.72,2020-07-14
0.60,0.57,2020-08-21
0.43,1.29,Not Available
0.70,1.43,Not Available
0.24,1.44,Not Available
0.48,0.41,Not Available
0.16,0.83,Not Available
0.28,2.12,Not Available
0.39,1.98,Not Available
0.28,1.84,Not Available
0.62,0.45,2020-08-21
0.54,0.40,2020-08-21
0.28,2.26,Not Available
0.25,1.72,Not Available
0.22,1.89,2020-09-11
0.33,1.50,Not Available
0.29,2.08,2020-11-20
0.40,2.45,2020-08-27
0.40,2.16,2020-08-27
0.78,0.79,2020-09-21
0.05,1.74,Not Available
0.06,1.56,Not Available
0.29,2.74,Not Available
0.10,2.51,Not Available
0.14,1.59,Not Available
0.14,1.75,Not Available
0.26,3.47,2020-09-28
0.23,2.62,Not Available
0.19,2.09,Not Available
0.63,1.61,2020-07-23
0.73,1.47,2020-06-19
0.18,0.59,2020-10-01
0.19,1.37,Not Available
0.23,1.57,Not Available
0.22,1.67,Not Available
0.57,0.26,2020-09-29
0.96,1.07,2020-01-15
Not Available,Not Available,2020-12-11
0.13,0.96,Not Available
0.19,1.36,Not Available
0.16,1.48,Not Available
0.17,1.32,Not Available
0.34,1.92,Not Available
0.31,1.72,Not Available
0.23,2.03,Not Available
0.35,1.68,Not Available
0.10,1.35,Not Available
0.45,0.56,Not Available
0.98,1.38,Not Available
0.34,1.33,Not Available
0.42,2.00,Not Available
0.14,1.34,2020-10-09
0.33,1.59,2020-06-08
0.82,0.84,Not Available
0.59,0.86,2020-09-17
0.39,0.49,Not Available
0.48,3.05,Not Available
0.53,3.12,Not Available
1.10,1.34,2020-06-25
0.04,0.68,2020-11-05
0.31,1.85,2020-09-29
0.33,1.85,Not Available
1.28,0.81,2020-06-26
0.12,1.16,2020-10-01
0.76,1.53,Not Available
0.07,1.66,Not Available
0.53,0.43,Not Available
0.27,1.87,Not Available
0.23,2.10,Not Available
0.22,1.70,Not Available
0.35,553.38,Not Available
0.10,1.60,Not Available
0.24,1.88,Not Available
0.07,1.63,2020-07-06
0.36,2.12,Not Available
0.40,2.39,Not Available
0.28,2.53,2020-07-27
0.38,2.41,2020-10-01
0.35,2.39,2020-05-21
0.48,0.52,2020-06-24
0.26,1.74,Not Available
0.26,3.72,Not Available
0.21,1.69,Not Available
Not Available,Not Available,2020-12-10
Not Available,Not Available,2020-12-18
0.24,1.25,Not Available
0.20,1.88,Not Available
0.16,1.67,Not Available
0.21,1.84,2020-07-13
0.97,1.07,2020-10-01
0.22,0.45,2020-10-01
0.87,0.83,2020-06-11
0.55,0.55,2020-10-01
0.32,3.63,2020-08-26
0.18,1.84,2020-09-18
0.32,3.72,Not Available
0.22,3.31,2020-09-30
0.14,1.90,2020-09-24
0.25,3.67,2020-09-30
0.23,3.20,2020-09-10
0.57,0.87,Not Available
1.46,0.86,Not Available
0.27,1.87,2020-08-07
0.24,0.72,Not Available
0.32,1.99,2020-08-10
0.69,0.43,2020-09-14
0.90,Not Available,Not Available
0.62,1.19,Not Available
0.28,0.17,Not Available
Not Available,2.91,2019-07-01
0.84,0.89,Not Available
0.31,0.07,2020-09-29
0.23,1.50,Not Available
0.34,1.87,Not Available
0.18,1.87,2020-07-09
0.20,1.79,2020-07-09
0.44,4.23,2020-06-17
1.14,0.58,2020-07-08
0.74,1.08,Not Available
0.58,0.69,2020-07-10
Not Available,0.56,Not Available
Not Available,0.76,Not Available
0.24,2.17,2020-06-25
0.20,1.56,2020-06-25
0.23,0.77,Not Available
0.18,2.14,2020-07-16
0.21,1.22,2020-10-05
0.21,1.46,Not Available
0.18,1.17,Not Available
0.22,2.28,2020-06-25
0.21,1.67,Not Available
0.58,0.63,2020-09-24
0.57,0.81,2020-05-08
0.21,1.10,Not Available
0.16,1.56,Not Available
0.50,0.36,2020-10-01
0.58,0.75,Not Available
0.38,1.62,2020-10-01
0.29,1.03,2020-08-18
0.19,1.57,2020-06-11
0.31,1.81,2020-09-15
0.31,2.00,2020-07-20
0.24,2.03,2020-08-28
0.36,1.98,2020-06-01
0.83,1.58,2020-07-30
0.31,2.29,2020-10-01
0.25,2.32,2020-08-18
0.20,1.81,Not Available
0.17,1.65,2020-07-16
0.19,0.73,Not Available
0.23,2.02,2020-09-10
0.19,1.25,2020-06-25
0.40,0.89,2020-06-25
0.19,1.17,2020-06-25
0.17,1.41,2020-06-25
0.31,1.37,2020-07-03
0.49,0.59,2020-09-18
0.98,0.96,Not Available
0.26,1.13,2020-08-20
0.20,0.89,2020-08-20
0.44,1.19,Not Available
0.17,0.62,Not Available
0.29,1.19,Not Available
0.36,1.31,Not Available
0.26,2.32,2020-06-08
0.30,2.16,2020-07-17
0.24,1.79,2020-07-17
0.22,1.45,2020-07-02
0.29,1.98,Not Available
0.07,1.31,Not Available
0.28,2.20,2020-06-04
0.17,1.78,Not Available
1.07,1.46,2020-11-17
Not Available,Not Available,Not Available
0.24,1.75,2020-09-29
0.23,2.01,2020-07-30
0.19,1.89,Not Available
0.27,1.63,Not Available
0.19,1.75,Not Available
0.23,2.49,2020-07-03
0.26,0.92,2020-09-18
0.18,1.42,2020-09-24
0.24,1.33,2020-08-18
0.37,1.47,2020-06-19
0.34,1.20,2020-05-21
0.17,0.53,Not Available
0.09,2.72,Not Available
0.25,1.12,Not Available
0.26,2.00,2020-09-21
0.14,1.08,2020-06-29
0.02,0.41,Not Available
0.31,0.31,2020-06-05
0.33,0.10,2020-07-22
1.00,0.27,2020-09-17
0.36,2.76,2020-06-25
0.22,2.04,2020-09-24
0.25,3.28,2020-09-21
0.54,2.14,2020-09-30
0.19,1.05,2020-08-12
0.19,1.18,2020-06-19
0.20,1.39,Not Available
Not Available,0.45,Not Available
0.26,0.07,2020-07-07
0.09,0.07,2020-09-04
0.11,0.04,Not Available
0.03,0.02,Not Available
0.59,0.54,Not Available
0.35,0.31,2020-07-29
0.14,0.11,2020-08-11
0.51,0.23,Not Available
Not Available,0.02,2020-08-25
0.71,0.43,2020-09-17
0.55,0.39,2020-06-25
0.97,0.83,2020-05-25
0.26,1.42,2020-10-01
0.45,1.83,2020-08-13
0.69,0.71,2020-09-17
0.40,1.64,2020-07-24
1.28,1.35,Not Available
1.27,1.44,2020-06-26
0.42,0.84,2020-08-11
0.50,0.19,2020-09-22
0.29,0.95,Not Available
0.38,0.40,2020-09-11
0.59,0.78,Not Available
0.19,1.17,2020-08-28
1.52,1.35,Not Available
0.22,1.72,Not Available
0.17,10.18,Not Available
Not Available,0.54,Not Available
0.83,1.19,Not Available
1.02,0.62,Not Available
0.42,2.08,Not Available
0.29,2.61,2020-09-03
0.28,1.85,2020-11-13
0.30,2.16,2020-08-19
0.33,2.37,2020-09-03
0.34,1.18,Not Available
0.34,1.18,Not Available
0.22,0.56,Not Available
0.96,0.23,2020-11-17
0.40,1.35,Not Available
0.17,1.45,2020-07-13
0.18,1.63,2020-07-13
0.19,1.36,2020-07-13
0.19,1.74,2020-07-13
0.20,2.03,2020-07-13
0.21,1.79,2020-07-13
0.19,1.12,2020-07-13
0.26,1.11,Not Available
0.22,0.85,Not Available
0.30,1.49,2020-08-06
0.07,1.62,2020-07-27
0.43,1.61,2020-09-21
0.19,1.94,2020-09-21
0.24,1.90,Not Available
0.65,0.34,2020-09-18
0.85,1.14,2020-09-29
0.53,0.48,2020-09-29
1.01,0.53,2020-09-29
0.19,0.77,2020-08-24
0.94,1.37,2020-07-28
0.27,1.44,2020-08-13
Not Available,1.12,2020-06-30
0.25,3.15,2020-09-11
0.30,3.01,2020-09-11
0.43,1.14,2020-11-20
0.55,1.51,2020-07-21
0.29,1.68,Not Available
0.23,1.54,2020-07-13
Not Available,Not Available,2020-12-18
Not Available,Not Available,2020-12-18
Not Available,Not Available,2020-12-18
0.21,1.57,Not Available
0.10,1.60,2020-08-18
0.39,1.44,Not Available
0.62,0.77,2020-09-29
0.16,1.25,2020-07-13
0.19,1.52,Not Available
0.21,1.48,2020-06-30
0.20,1.07,2020-07-02
0.31,1.80,2020-05-20
0.20,2.02,2020-09-24
Not Available,Not Available,Not Available
0.11,1.22,Not Available
0.17,2.13,Not Available
0.16,1.16,2020-10-01
0.18,1.94,Not Available
0.31,0.62,Not Available
0.22,1.25,2020-05-19
0.20,1.35,2020-05-21
0.21,1.22,2020-05-21
0.25,0.81,2020-07-27
0.33,0.01,2020-09-29
0.20,0.27,Not Available
Not Available,2.18,2020-04-21
0.48,0.15,2020-07-24
0.43,0.50,Not Available
0.44,0.51,2020-06-25
0.75,0.20,2020-08-21
Not Available,0.54,Not Available
Not Available,Not Available,Not Available
0.41,0.35,2020-07-14
0.17,0.07,Not Available
0.21,3.53,Not Available
0.24,2.78,2020-07-13
0.23,2.60,2020-07-13
0.31,2.23,2020-04-01
0.26,2.18,2020-04-01
0.21,2.40,Not Available
0.22,2.50,Not Available
0.45,1.89,2020-04-27
0.25,4.25,2020-09-11
0.78,0.96,2020-06-26
0.34,0.16,Not Available
0.12,0.21,2020-09-22
0.08,0.01,Not Available
0.07,0.05,2020-06-19
0.05,0.00,2020-06-24
0.37,0.13,2020-06-01
0.28,Not Available,Not Available
0.98,2.58,2020-06-28
0.45,1.82,2020-08-05
0.32,1.79,2020-08-05
0.25,2.27,Not Available
0.17,1.49,2020-09-21
0.18,1.60,2020-09-21
0.43,0.18,2020-09-29
0.17,2.00,2020-10-09
Not Available,0.29,2020-06-24
Not Available,Not Available,2020-12-11
0.35,1.12,2020-05-27
0.33,1.06,2020-08-11
0.28,1.24,2020-09-20
0.25,1.10,2020-09-20
0.27,1.22,2020-09-20
0.56,1.26,2020-11-23
0.40,1.22,2020-05-25
0.28,0.76,2020-08-06
0.30,1.64,Not Available
0.53,1.76,2020-06-30
0.33,1.28,2020-06-30
0.16,0.61,Not Available
0.14,0.06,2020-07-30
0.01,1.10,2020-06-04
0.23,0.49,2020-07-29
0.24,1.52,2020-10-01
0.21,0.63,Not Available
0.18,0.84,Not Available
0.24,0.83,Not Available
0.14,0.71,Not Available
0.25,1.30,2020-09-22
0.61,1.92,2020-08-24
0.28,1.48,2020-10-05
0.36,2.22,2020-11-05
0.32,1.63,2020-08-25
0.21,1.70,2020-11-05
0.29,0.52,2020-07-10
Not Available,Not Available,2020-11-04
0.24,0.23,2020-07-10
0.18,0.14,2020-09-18
0.15,0.13,2020-06-02
Not Available,0.26,2020-09-17
0.07,0.02,Not Available
1.14,1.88,2020-06-26
1.51,1.89,2020-09-17
0.09,0.08,Not Available
0.13,0.04,2020-11-26
0.12,0.34,Not Available
Not Available,0.31,Not Available
0.63,0.59,Not Available
0.03,0.00,2020-07-30
1.50,1.17,2020-06-26
0.48,0.63,2020-06-25
0.61,1.26,2020-07-08
Not Available,0.15,Not Available
0.72,1.11,Not Available
Not Available,Not Available,Not Available
0.29,1.19,2020-06-25
0.21,0.91,2020-10-01
0.17,0.94,2020-10-01
0.21,0.15,2020-09-17
0.07,0.13,Not Available
0.81,Not Available,Not Available
0.24,0.07,Not Available
3.38,4.61,2020-10-16
0.25,0.09,2020-06-29
0.80,0.33,2020-10-01
0.81,1.31,2020-06-26
1.36,0.11,Not Available
Not Available,0.26,Not Available
0.83,1.16,2020-09-17
0.49,1.09,Not Available
Not Available,Not Available,Not Available
1.27,4.65,2020-07-09
0.62,0.45,2020-07-23
0.43,0.15,Not Available
Not Available,Not Available,Not Available
0.76,0.90,2020-06-26
0.18,0.11,Not Available
0.80,2.79,Not Available
1.85,1.25,Not Available
0.43,0.14,Not Available
0.14,0.13,Not Available
3.28,1.45,Not Available
2.07,2.08,Not Available
0.64,0.04,Not Available
0.10,0.84,2019-06-25
0.15,0.79,Not Available
0.22,1.35,2020-10-01
0.18,1.10,2020-09-18
0.21,1.63,2020-09-18
0.59,0.84,2020-09-29
0.28,0.09,Not Available
0.21,1.12,2020-06-19
0.53,0.44,2020-07-08
0.38,2.24,2020-09-10
0.62,0.35,2020-09-18
0.75,0.82,2020-07-10
0.79,0.78,Not Available
0.69,Not Available,Not Available
2.28,1.10,2020-03-27
0.55,0.50,2020-09-29
0.19,0.32,2020-09-18
Not Available,0.93,2020-06-17
0.61,0.68,2020-07-23
Not Available,1.64,Not Available
1.18,0.19,2020-08-17
0.14,1.93,Not Available
0.09,1.37,Not Available
0.12,1906.36,Not Available
0.28,1.40,2020-08-12
0.18,1.02,2020-05-13
0.67,0.98,2020-07-20
0.16,1.40,Not Available
0.24,0.10,2020-07-22
0.69,0.05,Not Available
0.65,0.30,2020-09-09
0.38,0.66,Not Available
0.83,0.53,2020-09-29
0.59,Not Available,Not Available
1.24,27.76,2020-09-03
1.35,1.16,2019-06-24
0.56,0.42,2020-07-08
0.13,1.51,2020-09-30
0.77,0.86,2020-06-01
0.36,1.08,2020-09-22
Not Available,Not Available,Not Available
0.24,1.02,Not Available
0.36,0.87,2020-09-21
1.26,0.75,Not Available
0.28,1.36,2020-08-11
Not Available,0.44,Not Available
1.24,0.73,Not Available
0.50,0.39,2020-07-08
0.23,2.09,2020-09-01
0.45,1.91,2020-09-01
0.23,2.22,2020-09-01
0.26,1.88,2020-07-16
0.37,1.67,2020-07-16
0.34,0.00,2020-09-01
0.24,1.02,Not Available
0.31,1.74,Not Available
0.09,Not Available,Not Available
0.26,1.37,Not Available
0.66,0.45,2020-06-25
0.33,0.32,2020-09-17
0.39,0.00,2020-07-08
0.40,0.74,2020-07-10
0.67,3.62,2020-07-22
0.48,0.29,2020-07-08
0.66,0.84,2020-06-26
1.15,1.31,Not Available
0.48,1.36,2020-11-20
0.21,1.29,2020-07-27
0.71,0.88,Not Available
0.29,1.47,2020-05-19
0.07,0.36,2020-07-08
1.78,0.93,2020-09-28
Not Available,0.36,Not Available
0.13,0.68,Not Available
0.46,1.48,Not Available
0.80,0.63,Not Available
Not Available,0.91,Not Available
0.37,1.24,2020-09-17
0.30,1.01,Not Available
1.24,0.61,2020-09-29
0.81,0.42,2020-09-17
0.53,0.55,Not Available
0.58,0.28,2020-07-30
0.91,4.74,2020-06-26
0.38,0.85,Not Available
0.46,0.14,2020-07-08
Not Available,0.36,Not Available
0.12,0.45,Not Available
2.21,2.91,2020-06-26
0.36,1.76,2020-06-17
1.02,0.68,Not Available
0.47,0.52,2020-06-26
1.36,1.08,Not Available
0.65,0.37,2020-06-26
Not Available,Not Available,Not Available
0.03,0.44,2020-04-01
0.26,3.24,2020-07-13
0.79,1.75,Not Available
0.23,3.37,2020-08-27
0.19,2.26,2020-08-27
0.33,1.80,2020-07-10
1.08,1.34,2020-06-26
0.22,1.20,2020-09-18
0.29,1.23,2020-07-29
Not Available,Not Available,Not Available
0.23,0.81,2020-10-01
0.25,1.38,2020-07-11
0.29,0.83,2020-07-27
0.16,0.28,2020-07-29
0.22,1.94,2020-07-07
0.26,2.49,Not Available
0.17,1.66,2020-07-09
0.31,3.31,2020-09-11
0.43,2.33,Not Available
0.19,1.94,2020-07-17
0.21,2.39,Not Available
0.24,2.62,Not Available
0.19,1.25,2020-09-21
0.31,3.14,Not Available
0.76,1.04,2020-06-26
0.21,2.57,2020-09-24
0.26,1.86,2020-09-18
0.22,0.56,Not Available
0.18,2.22,Not Available
0.64,1.22,2020-07-27
Not Available,Not Available,2019-07-09
0.40,0.34,2020-09-18
0.70,0.67,2020-06-23
0.35,0.34,2020-07-08
1.40,1.33,Not Available
0.30,2.58,Not Available
0.29,1.62,2020-04-11
0.33,2.18,2020-06-18
0.24,2.12,2020-09-29
0.59,0.89,2020-09-29
0.55,0.81,2020-09-29
0.83,0.85,2020-09-29
0.42,0.57,2020-09-29
0.58,2.16,2020-05-21
0.29,2.65,2020-06-18
0.35,3.03,2020-06-18
0.27,2.18,2020-06-18
0.36,2.55,2020-06-18
0.32,2.98,2020-07-23
Not Available,0.10,Not Available
0.45,0.32,2020-07-02
Not Available,0.02,Not Available
0.33,0.23,2020-07-27
0.10,0.05,2020-04-27
0.35,0.36,2020-07-02
0.43,0.70,2020-07-02
0.42,0.53,2020-07-02
Not Available,Not Available,Not Available
0.67,0.76,2020-09-18
Not Available,0.49,2020-06-22
0.67,0.46,2020-09-18
0.50,1.54,2020-07-27
1.39,1.32,Not Available
0.56,1.81,2020-05-20
0.43,0.62,2020-09-29
0.44,0.34,2020-10-16
0.12,0.11,2020-09-29
0.76,0.93,2020-07-24
0.61,0.77,2020-09-03
0.24,1.02,2020-07-23
0.36,0.31,2020-04-27
0.31,0.34,2020-08-18
0.57,0.18,2020-07-08
1.34,0.76,Not Available
1.14,3.55,2020-07-24
0.42,0.20,2020-07-08
Not Available,0.57,Not Available
0.38,0.16,Not Available
1.27,0.88,Not Available
0.41,0.63,2020-08-21
0.49,0.45,2020-08-21
0.30,0.30,2020-07-27
0.67,0.34,2020-07-27
1.03,2.91,2020-11-17
0.50,1.88,Not Available
Not Available,Not Available,2021-01-07
0.37,1.73,2020-04-01
0.22,0.29,2020-09-24
Not Available,0.07,Not Available
0.57,0.80,2020-07-23
Not Available,1.78,2020-07-30
0.45,1.39,2020-07-27
1.01,1.58,2020-10-01
Not Available,0.72,Not Available
0.15,0.43,2020-09-11
0.33,0.96,2020-06-26
7.19,1.58,2020-07-23
Not Available,0.10,Not Available
Not Available,0.02,Not Available
0.20,0.08,2020-08-18
Not Available,0.19,Not Available
0.17,0.09,2020-06-05
0.25,0.14,2020-09-29
0.31,0.14,2020-06-05
0.84,0.68,Not Available
0.15,0.09,2020-07-27
0.21,0.22,2020-07-27
1.32,0.61,2020-09-23
0.26,0.20,2020-07-27
0.21,0.24,2020-08-18
0.16,0.10,2020-07-30
0.15,0.04,2020-08-18
0.11,0.05,2020-08-18
0.27,0.30,Not Available
Not Available,0.77,Not Available
0.43,2.05,Not Available
Not Available,Not Available,Not Available
0.39,2.10,Not Available
0.49,0.19,2020-07-08
0.21,1.70,2020-07-07
0.74,1.72,Not Available
0.46,1.73,Not Available
0.93,1.73,2020-06-26
Not Available,Not Available,2020-12-23
0.50,3.62,2020-09-17
0.51,0.62,2020-07-09
0.69,0.87,2020-07-08
0.67,0.42,2020-08-21
0.47,0.82,2020-07-08
0.79,0.56,2020-09-22
0.16,2.00,Not Available
1.23,0.62,2020-09-30
0.07,0.82,2020-09-30
0.35,2.19,2020-09-21
0.20,2.15,2020-09-29
0.15,1.70,2020-09-29
0.19,2.03,2020-08-14
0.21,2.91,Not Available
Not Available,Not Available,2020-12-23
0.34,2.16,2020-07-07
0.12,1.97,2020-09-24
0.45,4.70,2020-10-01
0.25,Not Available,2020-10-01
0.31,1.92,Not Available
0.39,1.13,Not Available
0.36,2.66,2020-06-23
0.24,1.88,Not Available
0.24,1.74,2020-06-19
0.18,1.30,Not Available
0.24,1.98,2020-07-27
0.23,1.55,2020-07-01
0.21,1.08,2020-09-30
0.29,1.96,Not Available
0.29,0.85,Not Available
0.38,1.74,2020-07-28
Not Available,Not Available,Not Available
0.19,1.32,2020-10-01
0.35,1.11,2020-08-07
0.17,1.40,2020-06-19
0.31,1.72,2020-08-07
0.30,2.30,2020-06-19
0.17,1.18,Not Available
0.19,1.68,Not Available
0.29,2.38,2020-07-23
0.29,0.15,2020-07-26
0.47,0.67,2020-09-17
0.07,0.06,2020-07-27
0.17,0.01,2020-07-10
0.31,0.20,2020-07-10
0.28,0.42,2020-10-16
0.15,0.08,Not Available
0.34,0.18,2020-07-24
0.56,0.58,2020-09-03
0.45,0.45,2020-09-03
Not Available,Not Available,Not Available
0.56,0.48,Not Available
0.40,0.39,Not Available
0.63,0.71,2020-07-08
0.55,0.62,2020-09-18
0.69,0.48,2020-07-10
0.73,0.83,2020-07-08
0.27,0.73,2020-07-28
0.58,0.88,Not Available
Not Available,Not Available,Not Available
0.00,0.14,2020-07-29
Not Available,0.21,Not Available
0.86,0.26,2020-09-18
0.22,0.30,2020-09-29
1.38,0.72,2020-10-19
0.27,0.12,Not Available
0.12,0.08,2020-07-24
0.22,0.11,2020-07-24
0.91,0.71,2020-07-14
0.50,0.30,2020-07-14
0.93,0.31,Not Available
0.18,0.36,2020-07-29
Not Available,0.20,Not Available
0.08,0.05,2020-09-03
0.21,1.91,2020-06-16
0.26,2.35,Not Available
0.45,1.96,Not Available
0.31,1.70,Not Available
0.67,0.81,2020-07-30
0.27,2.98,2020-09-25
0.29,2.54,2020-06-19
0.28,3.19,2020-06-19
0.31,1.44,Not Available
0.48,0.39,2020-09-29
Not Available,0.45,2020-09-29
0.40,0.51,2020-09-29
0.22,2.41,2020-06-16
1.01,2.26,2020-07-08
0.22,1.19,Not Available
0.41,1.33,2020-07-10
0.21,0.63,Not Available
0.16,0.06,2020-07-30
0.16,0.52,2020-07-26
0.33,0.21,Not Available
Not Available,0.68,Not Available
0.72,1.01,2020-07-24
0.42,2.00,Not Available
0.60,3.92,2020-07-27
0.40,0.15,2020-06-20
0.24,1.43,2020-10-01
Not Available,Not Available,2020-12-14
0.39,2.83,2020-09-28
0.42,1.93,2020-09-24
0.19,1.19,2020-06-25
0.24,1.05,2020-06-17
0.31,2.14,Not Available
0.41,2.70,2020-09-03
0.36,0.63,2020-07-15
0.12,0.51,2020-09-08
1.00,1.30,2020-07-08
0.65,0.76,2020-09-17
1.27,0.65,Not Available
1.40,1.06,Not Available
0.24,0.28,2020-08-18
0.50,0.36,2020-08-26
0.29,0.50,2020-08-18
0.29,0.52,2020-07-27
0.72,0.97,2020-09-17
1.00,0.84,2020-07-08
Not Available,0.13,2020-07-07
0.16,0.23,2020-07-10
Not Available,0.39,Not Available
0.21,3.00,Not Available
0.22,2.93,Not Available
0.26,2.20,Not Available
0.17,1.34,Not Available
0.20,1.75,Not Available
0.55,1.04,2020-09-03
0.38,2.76,2020-08-11
0.18,1.74,2020-06-29
0.65,1.48,2020-06-26
0.22,1.44,Not Available
0.26,2.13,Not Available
0.16,1.89,Not Available
0.19,2.00,Not Available
0.43,1.04,2020-07-15
0.35,1.03,2020-06-19
0.28,0.85,2020-06-29
0.25,1.23,Not Available
0.31,0.51,Not Available
0.41,0.06,2020-06-09
1.40,1.81,2020-06-26
0.13,0.39,Not Available
2.00,1.98,Not Available
1.03,0.93,2020-06-26
0.52,0.21,2020-07-14
0.67,0.64,2020-09-17
1.18,2.69,2020-06-26
0.22,1.43,Not Available
Not Available,0.34,Not Available
1.04,1.65,2020-09-22
1.10,1.19,2020-11-17
0.82,0.31,Not Available
0.37,1.40,Not Available
0.49,2.38,Not Available
1.23,2.25,2020-07-28
0.21,1.74,2020-09-28
0.19,0.13,2020-07-01
0.34,0.34,2020-07-22
0.30,2.93,2020-07-27
0.24,1.96,2020-08-18
0.27,2.43,2020-08-18
0.24,2.39,2020-08-18
0.24,1.54,2020-08-18
0.28,1.71,2020-07-27
0.21,1.26,Not Available
0.24,2.34,2020-09-29
0.15,0.93,Not Available
0.37,1.67,2020-08-17
0.24,1.33,Not Available
1.36,2.50,2020-07-08
0.29,0.07,Not Available
0.14,0.17,2020-07-15
0.12,0.13,2020-07-10
0.28,0.16,2020-07-10
0.22,0.19,2020-07-15
0.11,0.18,Not Available
0.16,0.07,Not Available
0.09,0.01,2020-07-15
Not Available,0.19,Not Available
Not Available,0.10,Not Available
Not Available,0.59,Not Available
Not Available,0.29,Not Available
0.44,0.78,Not Available
0.21,0.12,2020-06-17
0.16,0.03,Not Available
0.07,0.11,2020-09-03
0.25,0.14,2020-09-18
0.07,0.03,2020-07-24
2.27,1.74,2020-10-16
0.12,0.16,2020-08-18
0.16,0.09,2020-07-15
0.13,0.28,2020-09-03
0.73,0.62,2020-07-08
0.16,0.10,2020-07-09
0.07,0.13,2020-07-10
0.67,0.32,2020-07-22
0.07,0.08,Not Available
0.06,0.02,Not Available
0.14,0.04,2020-09-17
0.14,0.01,2020-09-04
0.09,0.16,2020-07-22
0.53,1.61,2020-09-20
0.26,0.17,2020-07-20
0.93,1.07,Not Available
1.13,0.77,Not Available
0.20,1.15,Not Available
0.55,0.39,2020-08-10
1.33,0.89,2020-08-17
0.12,0.10,2020-06-15
0.14,0.13,2020-07-20
0.11,0.19,2020-07-10
0.13,0.13,2020-09-18
0.10,0.15,2020-09-03
0.38,0.40,2020-07-10
0.16,0.14,2020-07-10
0.11,0.02,2020-07-27
0.10,0.13,2020-09-03
Not Available,0.43,Not Available
0.41,0.07,Not Available
0.13,0.09,Not Available
0.07,0.08,2020-08-18
0.05,0.04,Not Available
Not Available,0.12,Not Available
1.05,0.47,2020-07-08
0.44,0.11,2020-08-18
Not Available,0.06,Not Available
0.79,1.02,Not Available
0.11,0.91,Not Available
0.09,0.57,2020-06-20
0.16,1.31,Not Available
Not Available,Not Available,2021-01-12
0.15,1.30,2020-06-19
0.13,0.59,Not Available
0.69,0.41,2020-07-08
0.52,0.36,2020-07-22
1.11,1.28,Not Available
0.23,1.26,2020-09-03
0.24,1.58,2020-09-03
0.27,1.47,2020-09-03
0.22,0.68,Not Available
Not Available,0.16,Not Available
0.18,1.58,2020-07-06
0.73,0.52,2020-07-30
0.84,1.10,2020-09-28
0.09,0.33,2020-05-29
0.11,0.15,2020-07-10
0.17,0.08,2020-09-18
0.42,0.31,2020-06-25
0.28,0.20,2020-09-18
0.29,0.17,2020-08-18
0.53,0.33,2020-07-24
0.41,2.16,2020-09-18
3.47,4.04,2020-07-28
0.28,1.49,2020-08-13
1.33,2.54,Not Available
Not Available,Not Available,Not Available
0.67,0.67,2020-07-08
0.15,0.63,Not Available
0.23,0.89,2020-08-18
0.26,1.04,2020-08-17
0.31,0.95,2020-08-11
0.22,0.13,2020-07-28
0.41,0.52,2020-09-21
0.26,0.07,2020-09-30
Not Available,Not Available,Not Available
Not Available,Not Available,Not Available
0.14,0.60,Not Available
0.43,0.31,2020-07-08
0.21,1.17,2020-10-05
0.19,0.63,Not Available
0.17,0.96,Not Available
0.37,0.05,Not Available
0.30,0.20,Not Available
0.21,0.70,2020-10-01
0.65,0.78,2020-06-26
0.19,1.48,Not Available
0.25,0.96,2020-07-20
0.32,1.20,2020-08-12
0.37,2.35,Not Available
0.20,0.96,Not Available
0.05,0.01,2020-07-22
0.62,0.69,2020-06-30
0.32,1.18,2020-05-19
Not Available,0.19,Not Available
0.52,0.56,2020-09-21
0.21,0.05,2020-07-23
0.54,1.01,2020-06-19
0.22,1.42,2020-09-16
0.22,1.27,2020-09-16
0.34,1.13,Not Available
Not Available,Not Available,2020-12-18
1.32,4.48,2020-07-23
1.27,0.04,2020-08-17
0.62,0.03,Not Available
0.27,1.56,2020-07-08
0.75,0.42,Not Available
0.46,1.04,Not Available
0.18,0.40,2020-05-19
0.22,0.91,Not Available
0.18,0.76,Not Available
0.81,0.77,2020-09-28
0.90,1.12,2020-09-28
1.62,1.28,2020-07-31
1.40,1.18,2020-08-17
0.53,0.45,2020-06-25
0.69,1.47,Not Available
Not Available,0.75,Not Available
0.38,0.48,2020-07-29
0.33,1.68,2020-10-07
0.24,0.89,2020-06-23
0.17,1.10,2020-08-18
0.19,0.83,2020-08-18
0.14,0.85,2020-09-03
0.16,0.88,2020-08-18
0.20,0.35,2020-08-18
0.12,0.62,2020-09-03
0.85,1.34,2020-06-26
0.41,0.01,2020-09-03
0.26,1.31,Not Available
0.00,0.32,Not Available
0.01,0.00,Not Available
0.00,0.11,Not Available
0.35,0.24,Not Available
Not Available,0.56,Not Available
0.33,0.41,Not Available
0.78,3.48,2020-07-10
0.33,0.15,Not Available
1.09,0.57,2020-07-28
0.55,0.45,2020-07-03
1.45,1.34,2020-11-17
1.28,0.72,Not Available
0.14,0.00,2020-09-03
0.21,1.44,2020-09-29
0.14,0.02,2020-06-17
0.08,0.07,Not Available
0.13,0.01,2020-09-04
Not Available,0.07,Not Available
0.36,0.12,2020-07-20
Not Available,2127.47,Not Available
Not Available,1.18,Not Available
0.18,0.42,2020-07-28
0.20,1.16,2020-09-29
1.24,0.51,Not Available
0.13,0.08,Not Available
0.67,0.43,Not Available
Not Available,Not Available,2020-10-22
0.31,0.77,2020-05-19
0.34,0.98,2020-07-13
0.18,0.03,2020-07-27
0.14,0.03,2020-07-27
0.41,0.56,2020-09-25
0.36,0.90,2020-06-19
0.24,0.80,2020-06-19
0.26,2.37,Not Available
Not Available,1.57,2020-09-28
0.05,1.37,Not Available
Not Available,1.66,2020-09-28
Not Available,Not Available,Not Available
0.21,2.48,2020-09-03
Not Available,1.71,2020-09-28
0.18,2.34,2020-07-21
1.54,1.79,2020-07-24
0.33,4.77,Not Available
Not Available,2.41,2020-09-28
0.16,1.45,2020-09-30
0.16,1.38,2020-08-27
0.07,1.28,Not Available
0.17,0.92,2020-07-24
0.18,1.19,2020-07-24
0.23,1.21,2020-06-17
0.16,1.53,2020-06-29
0.17,1.33,2020-06-24
Not Available,1.71,2020-09-28
Not Available,1.47,2020-09-28
0.09,0.92,Not Available
Not Available,2.34,2020-09-28
Not Available,2.88,2020-09-28
0.30,2.13,Not Available
0.21,1.67,2020-06-17
0.21,2.13,2020-06-17
0.25,2.26,Not Available
0.27,2.12,2020-06-17
0.17,1.36,Not Available
0.05,0.12,2020-09-03
0.79,0.73,2020-11-17
0.60,0.79,2020-07-27
0.19,2.19,Not Available
0.18,1.63,Not Available
0.21,1.88,Not Available
0.00,2.11,Not Available
1.04,2.02,2020-09-17
Not Available,2.03,2020-09-28
Not Available,1.87,2020-09-28
Not Available,2.17,2020-09-28
Not Available,1.79,2020-09-28
0.24,0.28,2020-07-08
0.93,0.42,2020-07-21
0.43,0.39,2020-06-25
0.21,1.05,Not Available
0.38,0.91,2020-08-21
Not Available,1.58,2020-09-28
Not Available,1.62,2020-09-28
0.64,0.89,2020-05-08
Not Available,1.92,2020-09-28
Not Available,2.42,2020-09-28
1.01,1.04,2020-10-01
Not Available,0.21,2020-09-28
1.00,3.44,2020-06-26
0.79,1.54,2020-06-26
Not Available,1.35,2020-09-28
Not Available,1.51,2020-09-28
Not Available,3.36,2020-09-28
0.55,0.65,2020-07-08
1.35,1.17,Not Available
0.60,0.06,2020-06-25
0.88,0.59,2020-06-26
0.85,0.78,2020-06-26
0.24,0.80,Not Available
0.22,0.79,2020-08-11
0.16,1.56,Not Available
0.66,0.62,2020-07-28
3.24,0.92,Not Available
0.31,0.50,2020-11-17
0.78,0.97,Not Available
0.50,0.44,Not Available
0.75,0.78,2020-09-28
1.35,0.51,Not Available
0.19,1.19,Not Available
1.07,2.41,2020-10-19
0.36,0.52,2020-09-28
0.06,0.90,2020-08-27
0.19,0.74,Not Available
0.81,0.57,2020-07-08
0.17,0.99,Not Available
1.02,0.42,2020-11-17
1.31,0.91,Not Available
0.41,0.29,2020-06-25
Not Available,0.37,Not Available
0.28,0.54,2020-07-24
0.10,0.79,2020-06-23
0.19,1.07,2020-09-29
0.16,0.78,2020-06-16
0.20,0.05,2020-09-29
0.07,0.60,Not Available
0.09,0.70,Not Available
0.06,0.69,Not Available
Not Available,0.15,2020-07-28
0.65,0.84,2020-09-17
0.36,0.12,Not Available
0.76,0.37,2020-09-21
0.51,0.29,Not Available
0.12,0.63,2020-06-25
0.59,0.19,2020-09-17
0.10,0.10,2020-06-25
0.26,0.10,2020-06-26
0.46,0.98,2020-07-17
0.20,0.89,2020-09-15
0.28,0.80,2020-09-15
0.16,0.02,Not Available
0.34,0.90,Not Available
0.50,0.87,2020-06-24
0.58,0.93,2020-06-24
0.57,0.08,Not Available
0.26,0.12,2020-09-29
0.47,0.28,Not Available
0.52,0.17,2020-07-08
Not Available,0.02,Not Available
0.18,1.00,2020-06-24
0.29,1.11,2020-06-19
0.12,0.74,2020-06-23
1.45,0.18,2020-12-03
Not Available,Not Available,Not Available
0.22,0.82,Not Available
0.23,0.73,2020-09-30
Not Available,Not Available,2020-10-13
0.47,1.13,2020-06-26
0.59,0.37,2020-07-27
2.50,1.41,Not Available
0.33,0.98,2020-08-27
0.91,0.54,2020-06-26
0.68,0.13,Not Available
0.38,0.39,2020-06-29
0.65,0.53,2020-07-22
Not Available,0.06,2020-07-23
1.14,0.23,2020-09-29
0.05,0.89,Not Available
0.06,1.00,2020-07-27
0.65,0.71,2020-07-24
0.26,0.15,Not Available
0.68,1.92,2020-04-29
0.15,0.05,2020-08-18
0.69,0.69,2020-09-28
0.60,0.99,2020-07-27
0.26,0.14,2020-07-27
0.38,1.56,Not Available
0.20,1.76,Not Available
0.78,0.58,Not Available
0.55,0.24,Not Available
0.12,0.73,2020-06-19
0.38,0.26,2020-08-19
Not Available,Not Available,2020-12-18
Not Available,1.62,2020-09-28
0.31,1.19,Not Available
Not Available,1.99,2020-09-28
0.31,0.97,2020-08-07
0.71,0.35,2020-11-17
0.21,1.45,2020-08-27
0.14,1.06,2020-05-20
Not Available,0.22,Not Available
0.62,0.69,2020-06-01
0.41,1.29,Not Available
1.03,0.70,2020-07-23
Not Available,0.24,Not Available
0.08,1.24,2020-08-27
Not Available,Not Available,Not Available
0.12,1.42,2020-08-27
0.21,1.49,2020-09-16
0.26,1.46,2020-09-16
1.33,0.51,Not Available
0.67,0.12,2020-07-22
0.19,0.06,2020-09-28
0.74,1.12,2020-09-30
1.46,0.85,2020-11-17
0.19,1.06,2020-09-16
0.20,0.05,2020-09-17
0.16,1.33,2020-09-29
0.17,1.27,2020-09-29
0.63,1.97,2020-08-27
0.05,1.08,2020-11-07
0.22,1.63,2020-09-16
0.01,0.36,2020-06-16
Not Available,0.01,Not Available
0.43,1.17,2020-06-24
0.22,1.40,2020-09-29
0.23,1.37,2020-09-29
0.40,0.54,2020-09-18
0.58,1.49,2020-09-29
0.24,1.27,Not Available
0.21,1.51,Not Available
0.55,0.50,Not Available
0.06,1.31,2020-08-27
0.25,1.00,Not Available
0.27,0.22,Not Available
Not Available,Not Available,2020-12-03
0.19,0.97,2020-06-23
0.45,1.00,2020-07-24
0.55,1.78,2020-07-08
0.55,1.72,2020-07-08
0.52,1.49,2020-07-08
1.29,0.84,Not Available
0.50,0.18,2020-06-25
Not Available,0.38,Not Available
0.04,0.78,2020-07-27
3.12,0.89,2020-09-29
0.30,0.96,Not Available
0.98,1.39,2020-11-17
0.23,0.47,2020-11-19
0.56,0.58,2020-09-17
0.60,0.58,Not Available
0.42,0.18,2020-07-08
0.41,1.52,2020-05-19
0.17,1.25,2020-07-07
0.43,0.20,Not Available
0.57,0.60,2020-06-24
0.11,0.69,Not Available
0.21,1.61,2020-08-27
0.70,0.44,2020-06-24
0.41,1.25,Not Available
0.00,1.74,Not Available
0.00,Not Available,Not Available
0.36,0.88,2020-10-14
1.09,0.16,2020-09-29
0.45,0.29,2020-09-29
0.70,0.28,2020-09-29
0.47,0.70,2020-10-06
0.00,Not Available,Not Available
0.20,0.89,2020-06-24
0.44,0.12,2020-09-03
0.05,0.75,Not Available
0.42,0.24,2020-07-30
0.49,0.96,2020-06-24
0.31,0.00,Not Available
0.66,0.66,2020-09-28
0.29,0.08,Not Available
1.15,0.12,Not Available
0.08,0.57,2020-06-22
0.20,0.89,Not Available
0.24,0.21,Not Available
0.19,0.93,Not Available
0.22,0.97,Not Available
0.21,1.19,Not Available
0.21,1.26,Not Available
0.23,0.81,Not Available
0.20,0.96,2020-09-29
0.66,0.55,2020-07-08
Not Available,0.02,Not Available
0.12,0.04,2020-06-16
0.58,0.39,2020-09-17
6.17,22.11,2020-09-17
1.29,0.45,Not Available
0.75,0.84,2020-09-28
1.27,1.09,Not Available
0.22,1.09,2020-06-16
0.19,0.87,2020-09-29
0.61,0.09,2020-08-17
0.30,0.04,2020-08-17
0.05,0.04,2020-06-30
0.20,1.81,Not Available
Not Available,Not Available,2020-11-03
0.46,0.93,2020-06-23
0.29,0.66,2020-06-16
0.33,0.69,2020-06-16
3.41,0.84,2020-06-17
Not Available,0.26,Not Available
0.06,0.58,Not Available
0.16,0.76,Not Available
0.47,1.26,Not Available
0.07,0.01,2020-06-17
0.44,1.53,2020-09-29
0.36,1.46,2020-07-07
0.41,1.44,2020-06-24
0.56,2.23,2020-06-24
0.33,1.74,2020-06-24
0.75,0.21,2020-11-17
0.44,0.92,2020-06-23
0.41,1.25,Not Available
0.26,1.26,Not Available
0.39,1.11,Not Available
0.44,0.20,2020-07-08
Not Available,Not Available,Not Available
1.27,0.54,Not Available
1.51,2.17,Not Available
Not Available,Not Available,2020-10-05
0.04,0.08,2020-07-23
Not Available,0.46,Not Available
0.38,0.93,2020-06-22
0.16,0.13,2020-06-17
0.36,1.08,2020-06-22
0.25,0.06,2020-06-17
0.02,0.76,2020-07-24
0.72,0.67,2020-09-28
0.28,0.85,2020-11-17
Not Available,Not Available,2020-10-06
Not Available,Not Available,2020-12-22
0.30,0.77,2020-06-16
0.40,0.81,2020-06-16
0.83,1.26,2020-08-17
0.04,0.75,Not Available
0.09,0.81,Not Available
0.45,1.14,2020-09-29
0.35,0.90,Not Available
0.26,1.14,Not Available
1.24,0.68,2020-08-28
0.22,0.57,2020-09-28
0.12,0.60,2020-08-27
1.30,0.71,Not Available
0.91,0.80,Not Available
0.15,0.73,Not Available
0.72,0.46,2020-10-14
0.18,1.16,2020-10-21
0.68,0.47,Not Available
0.15,0.89,Not Available
0.16,1.00,Not Available
0.17,1.36,Not Available
0.15,1.15,Not Available
0.17,1.10,2020-10-20
0.17,1.68,Not Available
0.15,1.38,Not Available
0.19,1.02,Not Available
Not Available,Not Available,Not Available
Not Available,Not Available,Not Available
1.34,1.10,Not Available
0.34,1.16,Not Available
0.31,1.39,Not Available
0.17,1.50,Not Available
0.15,1.12,Not Available
0.16,1.86,Not Available
0.17,1.19,Not Available
0.16,1.51,Not Available
0.16,1.33,Not Available
0.13,1.23,Not Available
0.16,1.64,Not Available
0.91,0.93,Not Available
0.13,0.86,2020-07-14
0.13,1.11,2020-07-14
0.17,1.50,2020-07-14
0.15,1.20,Not Available
1.49,1.28,Not Available
0.16,0.99,2020-10-20
0.47,0.95,2020-09-29
0.12,0.97,2020-06-12
0.17,0.87,2020-06-24
0.18,1.21,2020-09-24
0.47,0.53,2020-08-21
0.17,1.06,Not Available
0.22,4.06,Not Available
0.20,1.16,Not Available
0.71,0.82,2020-05-08
0.44,0.13,2020-06-25
1.29,0.61,Not Available
0.23,0.04,2020-09-21
0.19,0.05,Not Available
0.20,0.05,Not Available
0.87,0.49,2020-10-01
0.19,2.99,Not Available
0.21,3.30,Not Available
0.20,2.30,Not Available
0.15,1.73,2020-10-08
0.14,1.50,2020-10-08
0.75,0.44,2020-09-28
0.40,0.62,Not Available
0.45,0.37,2020-06-03
0.48,0.04,2020-08-21
0.15,1.22,Not Available
0.26,1.75,2020-09-24
0.22,1.55,2020-10-08
0.53,0.59,2020-09-03
Not Available,Not Available,Not Available
1.15,0.20,2020-07-22
0.62,0.42,2020-04-24
0.14,0.95,2020-09-29
0.17,0.78,2020-09-24
Not Available,Not Available,Not Available
0.29,2.30,2020-10-08
0.62,0.54,2020-07-27
0.26,1.32,2020-09-22
0.09,1.72,Not Available
0.12,0.91,Not Available
0.12,0.77,2020-09-03
0.11,0.86,Not Available
0.18,1.78,Not Available
0.17,1.24,2020-09-24
0.16,1.13,2020-07-20
0.36,0.83,2020-07-20
0.31,0.04,Not Available
0.18,0.93,2020-09-29
0.21,1.08,Not Available
0.08,0.62,Not Available
0.19,1.53,2020-09-25
0.52,0.96,2020-06-30
1.27,1.16,Not Available
0.28,0.16,2020-06-17
0.49,0.22,2020-07-08
1.40,0.85,Not Available
0.17,0.99,Not Available
0.74,0.37,2020-07-20
0.27,0.29,Not Available
0.80,0.53,2020-09-28
6.75,0.90,Not Available
0.18,0.03,2020-08-26
0.95,0.66,2020-07-08
0.52,0.11,2020-07-08
0.19,1.09,2020-09-29
Not Available,0.69,Not Available
1.14,0.55,2020-06-26
0.14,0.47,2020-09-28
0.87,0.40,2020-07-24
Not Available,0.16,Not Available
0.22,1.32,Not Available
0.69,0.52,2020-06-26
0.17,0.97,Not Available
0.13,0.99,2020-09-29
0.21,1.73,2020-09-29
0.38,0.85,2020-09-29
0.80,0.79,2020-07-08
0.08,1.04,Not Available
0.20,0.16,2020-08-27
0.43,2.96,2020-06-16
0.22,0.13,2020-09-14
2.45,1.70,2020-07-08
0.82,0.33,2020-06-26
1.01,0.71,2020-07-08
0.49,0.22,Not Available
0.48,0.22,2020-06-25
1.27,1.31,2020-08-17
0.38,0.31,2020-07-30
0.50,0.13,2020-07-08
0.77,0.37,2020-08-27
0.63,0.16,2020-07-08
Not Available,0.26,Not Available
Not Available,0.01,Not Available
Not Available,0.45,Not Available
0.12,0.05,Not Available
0.51,0.19,2020-06-29
0.93,0.65,2020-09-28
0.78,0.95,2020-07-08
Not Available,0.37,Not Available
Not Available,0.34,Not Available
0.68,0.44,2020-08-04
0.02,0.88,2020-09-03
0.50,0.36,Not Available
1.15,1.17,2020-08-17
Not Available,0.00,2020-07-28
0.56,0.38,2020-06-25
0.36,0.08,2020-10-01
0.29,0.67,2020-09-21
0.59,0.63,2020-07-28
0.65,0.73,2020-09-17
0.43,Not Available,2020-09-10
Not Available,Not Available,Not Available
0.86,0.57,2020-06-26
Not Available,0.30,Not Available
0.36,0.06,Not Available
Not Available,Not Available,Not Available
0.22,0.95,2020-06-03
0.10,0.95,2020-08-20
0.10,0.29,2020-07-28
Not Available,0.40,Not Available
0.54,0.42,Not Available
1.27,2.02,Not Available
0.41,0.53,2020-07-09
Not Available,Not Available,Not Available
0.36,0.70,Not Available
Not Available,0.33,Not Available
0.29,0.89,2020-06-25
0.26,0.82,2020-06-25
Not Available,0.12,Not Available
0.27,Not Available,Not Available
Not Available,1291.18,Not Available
0.36,1.89,Not Available
0.43,0.89,2020-09-29
0.90,3.16,2020-07-08
0.38,0.89,Not Available
0.59,1.71,Not Available
0.40,0.98,2020-08-17
0.44,1.26,Not Available
0.47,2.08,Not Available
0.42,0.60,2020-06-29
0.51,0.47,2020-06-24
0.45,0.42,2020-08-11
0.89,0.45,2020-07-30
0.52,0.56,2020-07-30
0.35,Not Available,Not Available
0.39,1.75,Not Available
0.36,0.49,Not Available
0.19,1.08,Not Available
0.30,0.92,2020-07-08
0.31,0.91,Not Available
0.14,0.68,Not Available
0.70,0.66,2020-06-25
0.23,0.63,Not Available
0.36,0.75,2020-08-17
0.50,1.59,Not Available
0.28,0.83,Not Available
0.50,0.26,2020-09-17
0.91,0.43,2020-05-26
0.86,0.53,2020-07-08
0.20,0.89,2020-08-17
0.47,4.00,Not Available
0.47,2.69,Not Available
0.06,1.04,Not Available
0.32,0.20,2020-06-26
0.43,2.18,Not Available
0.34,1.42,Not Available
0.23,0.07,Not Available
0.29,1.32,Not Available
0.41,1.19,Not Available
0.45,1.27,Not Available
1.08,0.84,Not Available
0.46,3.60,Not Available
0.50,1.10,Not Available
Not Available,Not Available,Not Available
4.06,2.06,2020-06-24
0.32,1.13,Not Available
0.34,0.12,Not Available
0.38,1.20,2020-06-29
0.26,0.09,Not Available
0.41,1.38,Not Available
0.29,0.79,Not Available
0.50,1.07,Not Available
0.27,0.17,Not Available
0.35,1.28,Not Available
0.36,0.98,Not Available
0.33,1.14,Not Available
0.42,0.94,Not Available
0.33,1.41,2020-08-19
0.22,Not Available,Not Available
0.45,5.83,Not Available
0.36,0.83,Not Available
0.30,0.90,Not Available
0.00,1.05,2020-11-17
0.22,0.89,Not Available
0.22,0.89,Not Available
0.39,1.46,Not Available
0.17,4.25,2020-03-19
0.56,1.80,Not Available
0.28,1.00,Not Available
0.72,5.36,Not Available
0.55,3.35,Not Available
0.33,2.12,Not Available
0.97,2.93,Not Available
0.68,2.27,2020-09-17
0.19,0.88,Not Available
0.19,1.13,2020-05-28
0.56,3.56,Not Available
0.71,3.08,Not Available
0.59,2.62,Not Available
0.28,1.64,2020-09-18
0.48,2.16,2019-06-14
0.65,2.04,Not Available
0.44,3.12,2020-06-17
0.34,1.56,2020-06-17
Not Available,Not Available,Not Available
0.31,0.91,Not Available
0.44,3.23,Not Available
0.24,1.01,Not Available
0.40,1.72,2020-11-20
0.33,2.58,Not Available
0.32,1.20,Not Available
0.33,1.21,Not Available
0.44,1.53,Not Available
0.51,1.65,Not Available
0.53,1.90,Not Available
0.41,0.86,2020-11-05
Not Available,Not Available,2021-01-13
0.25,1.00,Not Available
0.49,1.13,Not Available
0.49,1.08,2020-11-05
0.45,0.54,Not Available
0.39,2.00,Not Available
0.51,2.08,Not Available
0.57,0.37,Not Available
0.47,2.40,2020-07-26
0.76,3.43,2020-09-28
0.36,1.40,Not Available
0.12,1.12,Not Available
0.17,1.30,Not Available
0.71,2.73,2020-11-05
0.33,2.20,Not Available
0.31,1.90,Not Available
0.15,1.83,Not Available
0.61,0.79,2020-06-30
0.40,0.41,2020-07-21
0.67,2.78,Not Available
0.31,1.13,Not Available
0.36,1.36,Not Available
0.31,1.86,Not Available
0.43,1.03,Not Available
0.36,1.29,2020-09-01
0.24,0.68,Not Available
0.36,1.04,Not Available
0.37,1.53,2020-07-13
0.03,2.31,Not Available
0.79,2.43,2020-07-30
0.45,2.10,2020-09-30
0.55,0.43,2020-06-19
0.45,1.43,2020-09-15
0.47,0.52,Not Available
0.57,1.39,Not Available
0.47,1.94,2020-09-28
0.34,1.00,2020-10-01
0.17,0.48,Not Available
0.52,0.62,2020-08-21
0.53,1.78,2020-09-03
0.56,2.07,Not Available
0.71,0.60,2020-05-25
0.78,1.26,2020-05-08
0.40,1.36,2020-07-08
1.64,3.49,2020-06-24
0.31,2.07,2020-07-09
0.36,1.17,2020-06-19
0.38,2.76,2020-06-25
0.34,1.61,Not Available
0.26,0.87,Not Available
0.22,1.20,Not Available
0.19,1.58,Not Available
0.39,1.69,2020-10-13
0.12,0.64,Not Available
0.22,1.04,Not Available
0.30,1.87,Not Available
0.56,0.51,2020-08-04
0.33,1.15,2020-10-05
0.43,0.65,2020-06-19
0.31,2.25,2020-08-05
0.08,0.97,2020-07-28
0.23,2.31,2020-09-29
0.73,1.32,2020-09-22
0.17,0.84,2020-10-01
0.21,1.16,Not Available
0.32,1.02,2020-10-01
0.25,1.75,Not Available
0.41,1.29,Not Available
0.52,1.34,2020-09-17
0.29,1.18,Not Available
0.26,0.92,2020-11-23
0.19,0.83,2020-10-01
0.29,1.15,Not Available
0.15,0.81,Not Available
0.46,2.38,Not Available
0.17,1.32,Not Available
0.40,2.62,Not Available
0.36,1.82,2020-08-10
0.24,1.21,2020-09-30
1.02,1.27,2020-09-17
3.80,0.05,2020-10-16
0.19,0.01,Not Available
0.37,1.43,2020-09-17
0.45,2.83,2020-06-29
0.23,1.78,2020-09-30
0.30,0.20,2020-06-17
0.58,3.19,Not Available
0.18,1.36,2020-09-28
0.21,1.70,2020-09-30
0.19,1.08,Not Available
0.14,0.98,Not Available
0.39,0.52,2020-07-24
Not Available,0.76,Not Available
0.26,1.40,Not Available
0.31,1.80,2020-10-01
0.21,1.47,2020-10-01
0.34,1.83,2020-10-01
0.29,2.02,2020-10-05
0.23,1.25,2020-08-18
0.42,1.73,Not Available
0.31,1.01,2020-08-10
0.76,0.59,2020-04-02
0.18,0.45,Not Available
0.41,1.50,Not Available
0.22,1.09,Not Available
0.44,1.85,2019-06-28
0.39,1.22,Not Available
0.07,0.56,Not Available
0.46,1.89,Not Available
0.44,3.11,Not Available
Not Available,Not Available,2021-01-05
0.58,3.03,Not Available
0.51,3.94,Not Available
0.19,1.16,2020-06-19
0.89,1.84,2020-07-22
0.45,2.47,Not Available
0.41,1.30,Not Available
0.33,1.17,2020-09-30
0.64,2.93,Not Available
0.45,2.01,Not Available
0.52,3.89,2020-09-29
0.43,1.35,Not Available
0.24,Not Available,Not Available
0.14,0.89,2020-06-18
0.57,2.64,Not Available
0.37,1.47,Not Available
0.37,1.92,Not Available
1.12,0.00,2020-11-17
0.36,1.67,Not Available
2.38,0.91,2020-06-26
0.45,2.60,Not Available
0.53,2.80,Not Available
0.18,0.62,Not Available
0.33,1.11,Not Available
0.96,2.63,Not Available
Not Available,0.95,Not Available
0.55,1.38,Not Available
0.37,0.91,2020-08-10
0.11,0.03,Not Available
0.22,0.73,Not Available
0.36,1.51,Not Available
0.31,0.91,2020-09-01
0.62,2.34,Not Available
0.55,1.93,Not Available
0.33,0.96,Not Available
Not Available,3.11,Not Available
0.16,1.28,2020-08-05
0.53,1.18,Not Available
0.26,0.90,Not Available
0.50,4.09,2020-09-30
0.52,1.03,2020-07-09
0.40,0.87,Not Available
0.35,0.95,Not Available
0.59,1.32,Not Available
0.38,1.57,Not Available
0.48,1.68,Not Available
0.48,1.54,Not Available
0.46,2.51,Not Available
0.23,2.49,Not Available
0.34,1.37,Not Available
0.61,1.55,Not Available
0.67,1.62,Not Available
0.48,2.69,Not Available
0.56,1.22,2020-07-08
0.52,1.31,Not Available
0.38,3.17,Not Available
0.35,1.66,2020-07-24
0.61,2.35,Not Available
0.68,0.86,2020-06-02
0.30,2.87,2020-07-27
0.62,1.64,2020-09-28
0.47,2.24,2020-09-15
0.37,0.49,Not Available
0.46,1.55,2020-09-28
1.68,0.90,2020-10-26
0.45,2.30,2020-07-01
0.57,2.42,Not Available
0.20,2.10,Not Available
Not Available,0.62,Not Available
0.39,1.18,Not Available
0.50,1.08,Not Available
0.32,1.27,Not Available
0.23,1.23,2020-09-01
0.33,1.54,2020-08-11
0.35,1.21,2020-09-29
0.57,1.40,Not Available
0.29,0.06,Not Available
0.34,1.00,Not Available
Not Available,Not Available,2020-10-21
0.34,1.31,Not Available
0.65,1.62,Not Available
0.38,0.57,2020-06-30
0.26,2.03,2020-09-18
0.47,0.86,2019-06-25
0.22,1.09,2020-09-28
0.59,2.16,Not Available
0.41,1.42,Not Available
0.47,1.21,Not Available
0.22,1.03,Not Available
0.32,1.64,Not Available
0.58,2.56,Not Available
0.26,0.74,Not Available
0.54,1.65,Not Available
0.09,0.01,2020-09-11
0.35,0.90,Not Available
0.36,1.01,Not Available
0.10,0.00,2020-07-30
0.34,1.43,Not Available
0.15,0.96,2020-07-27
0.25,0.14,2020-09-28
0.39,1.30,Not Available
0.44,3.16,Not Available
0.32,1.21,Not Available
0.36,1.27,Not Available
0.42,1.35,Not Available
0.29,0.80,Not Available
0.27,1.12,2020-09-29
0.30,1.07,Not Available
0.29,0.69,Not Available
0.10,0.04,Not Available
0.14,1.02,Not Available
0.24,0.82,Not Available
0.47,1.40,Not Available
0.43,2.24,2020-08-28
0.17,0.76,Not Available
0.27,0.71,Not Available
0.08,0.07,2020-07-29
0.49,2.00,Not Available
0.19,0.64,2020-09-22
0.16,0.94,2020-09-29
0.36,1.07,Not Available
0.38,1.42,2020-11-09
0.18,1.03,Not Available
0.68,2.23,Not Available
0.51,1.51,Not Available
0.34,0.78,Not Available
0.29,0.99,2020-09-29
0.29,2.24,Not Available
0.53,1.66,Not Available
0.23,1.39,2020-09-10
0.28,1.17,Not Available
0.33,1.12,2020-07-14
0.42,0.94,Not Available
0.40,1.29,Not Available
0.50,2.19,2019-06-24
0.16,1.47,Not Available
0.16,1.36,Not Available
0.14,1.43,Not Available
0.18,1.79,Not Available
Not Available,Not Available,Not Available
0.45,2.78,Not Available
0.23,1.91,Not Available
0.36,1.26,Not Available
0.52,0.98,Not Available
0.48,1.34,Not Available
0.58,1.62,2020-08-28
0.62,2.12,Not Available
0.37,0.17,Not Available
0.18,2.21,2020-07-08
0.43,1.58,Not Available
0.33,1.78,Not Available
Not Available,1.06,Not Available
0.19,0.79,Not Available
1.08,0.69,Not Available
0.40,0.19,Not Available
0.23,0.73,Not Available
0.43,2.52,Not Available
0.42,1.40,Not Available
1.28,6.94,Not Available
0.22,Not Available,Not Available
0.70,0.39,2020-07-08
0.30,0.74,Not Available
0.43,0.91,2020-09-21
0.66,0.95,Not Available
0.13,0.37,Not Available
0.34,0.99,Not Available
0.15,0.04,2020-06-18
0.19,0.10,2020-07-13
0.57,0.02,2020-09-25
0.21,0.78,Not Available
0.19,0.48,2020-09-22
0.31,1.99,2020-09-30
0.48,1.82,Not Available
0.18,1.33,Not Available
0.53,2.00,2020-09-18
Not Available,1.53,Not Available
0.41,1.93,2020-08-10
0.22,1.12,2020-04-01
0.21,1.24,2020-08-13
1.82,3.06,2020-11-17
0.28,1.46,2020-07-11
0.61,1.58,2020-10-28
0.13,0.73,2020-06-29
0.21,0.73,2020-06-29
0.64,0.98,2020-07-23
0.48,1.23,Not Available
0.27,1.27,2020-10-01
Not Available,5.37,Not Available
0.50,2.00,Not Available
0.15,Not Available,Not Available
0.41,1.87,2020-09-29
0.52,0.75,2020-08-21
0.11,0.14,Not Available
0.38,1.28,Not Available
0.17,1.02,2020-06-19
0.05,1.17,Not Available
0.32,2.24,2020-08-11
0.46,0.87,Not Available
0.32,1.87,2020-08-19
0.53,0.64,2020-08-28
0.76,1.21,2020-09-21
0.40,1.04,2020-07-29
0.54,1.63,Not Available
0.21,0.94,Not Available
Not Available,2.11,2020-02-07
0.21,1.25,Not Available
0.19,1.01,2020-11-05
0.20,2.28,Not Available
0.55,4.49,Not Available
Not Available,Not Available,2020-12-18
Not Available,Not Available,2020-12-11
0.32,1.14,2020-10-28
0.30,0.78,2020-07-08
0.45,2.01,Not Available
0.26,2.30,2020-06-30
0.16,1.35,2020-10-01
0.12,1.12,Not Available
0.37,1.75,2020-07-14
0.26,1.51,Not Available
0.19,1.45,Not Available
0.25,1.12,2020-10-28
0.37,2635.16,Not Available
0.22,1.15,2020-09-01
0.26,1.22,Not Available
0.29,1.98,2020-08-11
Not Available,Not Available,2020-12-23
Not Available,Not Available,2020-12-23
0.23,1.07,Not Available
0.33,1.00,2020-10-01
1.07,1.23,Not Available
1.01,0.74,Not Available
1.40,0.83,2020-06-24
1.40,0.39,2020-06-24
0.34,1.18,Not Available
1.46,2.01,2020-07-27
0.33,1.03,Not Available
0.29,0.90,2020-08-12
0.40,0.76,Not Available
0.21,1.64,2020-06-30
0.34,0.19,Not Available
0.33,1.70,2020-09-28
0.20,1.53,2020-09-28
0.18,1.34,2020-08-10
Not Available,Not Available,2020-12-18
0.20,1.42,2020-07-16
0.24,1.70,Not Available
0.61,0.54,2020-09-29
0.39,1.77,Not Available
Not Available,0.20,Not Available
0.45,1.00,2020-09-16
0.09,0.21,2020-07-23
0.21,0.29,2020-07-23
0.09,0.04,2020-07-08
0.15,0.92,Not Available
0.39,0.97,Not Available
0.35,1.34,2020-09-22
0.29,0.81,2020-06-24
0.22,0.24,2020-07-27
0.57,1.24,2020-09-24
0.26,0.02,2020-07-31
1.00,0.88,Not Available
0.42,1.59,Not Available
Not Available,0.01,2020-09-03
0.63,0.69,Not Available
0.33,1.09,Not Available
0.18,1.58,Not Available
0.15,0.89,2020-09-29
0.12,0.49,2020-10-01
0.28,0.81,2020-08-25
0.20,0.02,Not Available
0.09,1.29,2020-06-23
0.19,Not Available,Not Available
0.21,0.84,2020-09-29
0.44,0.26,Not Available
0.41,1.14,Not Available
0.13,0.95,Not Available
0.32,0.86,Not Available
0.00,1.63,Not Available
0.20,0.85,Not Available
0.39,0.86,2020-08-28
0.29,0.01,Not Available
0.45,2.46,Not Available
0.22,2.12,2020-07-13
0.13,1.57,2020-07-13
0.15,0.15,2020-08-18
0.13,0.04,2020-08-18
0.68,0.85,2020-08-18
0.28,0.17,2020-08-18
0.13,0.12,2020-08-18
0.71,1.18,2020-08-21
0.22,1.92,2020-08-18
0.17,1.31,2020-08-18
0.16,1.60,2020-08-18
0.24,1.38,2020-08-18
0.19,1.54,2020-08-18
0.22,1.41,2020-08-18
0.25,1.92,2020-08-18
0.14,0.84,2020-07-14
0.13,0.75,Not Available
0.17,0.71,Not Available
0.21,0.99,Not Available
0.13,0.86,Not Available
0.15,0.86,2020-07-14
0.14,0.78,2020-07-14
0.14,0.84,2020-07-14
0.59,0.34,2020-05-15
0.45,0.64,2020-05-25
0.94,1.88,2020-05-08
0.48,0.61,2020-06-24
0.31,0.47,2020-05-15
0.22,1.67,2020-07-27
0.19,1.37,Not Available
1.75,2.29,2020-09-09
0.15,0.22,2020-07-27
0.23,0.33,2020-07-27
0.29,0.26,2020-06-22
0.19,1.83,Not Available
0.13,0.15,2020-07-15
0.18,0.21,2020-07-09
0.19,2.36,2020-05-20
0.26,1.55,2020-05-20
0.26,2.17,2020-05-19
0.65,2.63,2020-05-21
0.41,0.68,2020-09-30
0.21,1.95,2020-05-21
0.72,3.17,2020-07-27
0.17,0.68,2020-09-30
0.31,0.18,2020-05-01
2.69,0.98,2020-06-24
0.16,0.82,Not Available
0.52,3.12,Not Available
0.22,1.12,2020-09-29
0.25,2.31,2020-09-29
0.32,2.30,2020-09-29
0.25,2.22,2020-09-29
0.45,0.00,2020-09-29
0.38,0.46,2020-07-29
0.23,1.67,2020-09-29
0.18,1.03,Not Available
0.21,1.14,Not Available
0.10,0.12,2020-07-10
0.09,0.14,2020-07-15
0.13,0.11,2020-07-24
0.13,1.08,2020-10-01
0.01,0.00,2020-07-27
1.07,2.43,2020-07-24
0.39,1.18,Not Available
0.74,2.04,Not Available
0.53,0.87,Not Available
0.67,0.81,2020-10-20
Not Available,0.87,2020-09-30
0.68,0.52,2020-09-22
0.60,1.41,2020-09-22
0.57,0.56,2020-09-22
0.20,1.65,Not Available
0.21,0.87,Not Available
0.91,0.06,Not Available
0.47,0.22,2020-07-08
0.12,1.65,Not Available
0.31,1.36,Not Available
0.21,0.95,Not Available
0.37,1.62,Not Available
0.46,2.51,Not Available
0.20,1.02,Not Available
0.28,0.91,Not Available
0.17,1.43,Not Available
0.43,0.10,2020-10-20
0.15,1.99,Not Available
0.19,0.88,Not Available
0.21,1.36,Not Available
0.27,0.04,Not Available
0.32,1.46,Not Available
1.10,1.34,2020-06-29
0.62,2.09,Not Available
0.19,1.55,Not Available
10.89,3.86,Not Available
0.44,0.33,2020-07-03
0.23,1.13,Not Available
0.21,1.21,Not Available
0.23,1.03,Not Available
0.25,1.30,2020-09-16
0.16,1.22,Not Available
0.19,1.24,Not Available
0.22,1.04,Not Available
0.19,1.26,Not Available
0.16,1.26,Not Available
0.34,0.21,2020-07-08
0.41,1.13,2020-09-01
0.36,1.37,2020-09-01
Not Available,0.00,Not Available
0.40,0.91,2020-08-12
0.31,1.35,2020-09-01
Not Available,Not Available,2020-10-01
0.29,1.26,2020-08-25
Not Available,Not Available,Not Available
Not Available,Not Available,2020-12-18
0.17,1.01,2020-09-29
0.16,0.42,2020-09-22
Not Available,Not Available,2021-01-12
0.14,0.03,Not Available
0.24,1.23,2020-06-19
0.67,0.10,Not Available
0.14,0.94,Not Available
Not Available,Not Available,2021-01-12
1.85,0.56,2020-10-01
0.81,3.10,2020-10-01
0.06,0.82,Not Available
Not Available,Not Available,2020-08-10
0.31,1.11,2020-07-20
Not Available,Not Available,Not Available
0.37,1.43,Not Available
0.13,0.71,Not Available
Not Available,Not Available,2021-01-12
0.36,2.42,2020-09-24
1.04,1.64,Not Available
1.12,0.37,Not Available
0.24,1.79,2020-10-08
0.28,1.37,2020-10-20
0.08,0.06,2020-10-26
0.26,2.39,Not Available
